ASVid,Group_type,Group,Domain,Direction,baseMean,log2FoldChange,lfcSE,stat,pvalue,phylum,class,order,family,genus,species,TrophicMode
7d8769036727bf4baafaa3b00dbfc336,Plant species,Festuca,Bacteria,Negative,5.213374712,-1.72962116,0.540967144,-3.197275805,0.001387322,Actinobacteriota,Thermoleophilia,Solirubrobacterales,Solirubrobacteraceae,Conexibacter,Unassigned,NA
b237d2c72b5932c757ae9d579cae3fae,Plant species,Festuca,Bacteria,Positive,3.930070627,1.734943727,0.546121177,3.176847554,0.001488853,Patescibacteria,Saccharimonadia,Saccharimonadales,Saccharimonadales,Saccharimonadales,uncultured_bacterium,NA
14f4441980b67691ac8f692961410069,Plant species,Festuca,Bacteria,Positive,5.98138683,1.71642842,0.572006278,3.000716049,0.002693456,Actinobacteriota,Actinobacteria,Micrococcales,Microbacteriaceae,Agromyces,Unassigned,NA
427331af89fe4358165234642f8e5fb2,Plant species,Festuca,Bacteria,Positive,16.19787139,1.137037672,0.387181904,2.936701486,0.003317232,Actinobacteriota,Thermoleophilia,Solirubrobacterales,67-14,67-14,metagenome,NA
184725c2b78e7d8052cda20ad18460bc,Plant species,Festuca,Bacteria,Positive,3.6457549,1.452705152,0.501500769,2.896715702,0.003770913,Proteobacteria,Gammaproteobacteria,Burkholderiales,Nitrosomonadaceae,MND1,Unassigned,NA
f50de23271accaa71baeef125bf1221b,Plant species,Festuca,Bacteria,Negative,6.379650253,-0.708806582,0.245616092,-2.885831198,0.003903815,Actinobacteriota,Thermoleophilia,Solirubrobacterales,67-14,67-14,uncultured_bacterium,NA
eaeaa02a3ec0876f7e99601752e66fbc,Plant species,Festuca,Bacteria,Negative,46.50238148,-0.680277686,0.236635231,-2.874794602,0.004042904,Actinobacteriota,Actinobacteria,Propionibacteriales,Nocardioidaceae,Marmoricola,Unassigned,NA
ccb5e499336ef069fdff126d55a16b26,Plant species,Festuca,Bacteria,Positive,17.17703579,1.043118527,0.368432736,2.831231937,0.004636908,Actinobacteriota,Actinobacteria,Streptomycetales,Streptomycetaceae,Streptomyces,Unassigned,NA
5b1b27ba049076fc05472cb425f2c6a3,Plant species,Festuca,Bacteria,Positive,3.546959623,1.043469691,0.37174724,2.806933256,0.00500156,Proteobacteria,Gammaproteobacteria,JG36-TzT-191,JG36-TzT-191,JG36-TzT-191,uncultured_proteobacterium,NA
9be80de0f9841667bf039c27d5d397d9,Plant species,Festuca,Bacteria,Positive,3.965534626,1.986714258,0.710457688,2.796386459,0.005167757,Proteobacteria,Gammaproteobacteria,Burkholderiales,Nitrosomonadaceae,Ellin6067,Unassigned,NA
22aeff765f5d96c681e7bedb87a04a8c,Plant species,Festuca,Bacteria,Negative,3.753030034,-1.782724873,0.66656444,-2.674497416,0.007484135,Actinobacteriota,Actinobacteria,Micrococcales,Dermacoccaceae,Flexivirga,Flexivirga_alba,NA
05bea27fc0930238479537f94e1db2e3,Plant species,Festuca,Bacteria,Positive,7.974383238,1.189092751,0.454107239,2.618528507,0.008830991,Proteobacteria,Gammaproteobacteria,Xanthomonadales,Xanthomonadaceae,Stenotrophomonas,Unassigned,NA
45f7da1fc17fba79c08e0e05d9979d28,Plant species,Festuca,Bacteria,Negative,4.480216886,-2.711378948,1.036260945,-2.616502109,0.008883582,Actinobacteriota,Actinobacteria,Propionibacteriales,Nocardioidaceae,Nocardioides,Unassigned,NA
f326029ef51363706a3b5004039a6827,Plant species,Festuca,Bacteria,Negative,9.216109007,-1.078357132,0.415359288,-2.596203248,0.009426029,Actinobacteriota,Actinobacteria,Pseudonocardiales,Pseudonocardiaceae,Actinomycetospora,Unassigned,NA
6baffdc92fe9a2f61ffce6eaae6a986a,Plant species,Festuca,Bacteria,Positive,6.482631744,1.52717813,0.591294171,2.582772172,0.009801002,Planctomycetota,Planctomycetes,Planctomycetales,uncultured,uncultured,uncultured_Planctomyces,NA
270df63834fde154cfb9d6b0e84d1886,Plant species,Festuca,Bacteria,Positive,3.62925685,1.296966279,0.505995412,2.563197703,0.010371297,Acidobacteriota,Acidobacteriae,Bryobacterales,Bryobacteraceae,Bryobacter,Unassigned,NA
a39cab1e59b3a3e08c46d975c964a86b,Plant species,Festuca,Bacteria,Positive,2.729187812,1.804796506,0.718865744,2.510616929,0.01205204,Verrucomicrobiota,Verrucomicrobiae,Pedosphaerales,Pedosphaeraceae,uncultured,metagenome,NA
4a76f4025b43ea91b43bca9635f1dc98,Plant species,Festuca,Bacteria,Positive,2.117698187,1.65796248,0.665186483,2.492477709,0.012685529,Proteobacteria,Alphaproteobacteria,Micropepsales,Micropepsaceae,Micropepsis,uncultured_bacterium,NA
0018898cc19e29539009a5b564db5326,Plant species,Festuca,Bacteria,Positive,3.247441518,1.775374765,0.712523072,2.491673371,0.01271429,Acidobacteriota,Vicinamibacteria,Vicinamibacterales,Vicinamibacteraceae,Vicinamibacteraceae,Unassigned,NA
d19b6860ee222472232ecac2bcd8cb2a,Plant species,Festuca,Bacteria,Positive,2.801753587,1.887884199,0.760338693,2.482951631,0.013029878,Verrucomicrobiota,Verrucomicrobiae,Pedosphaerales,Pedosphaeraceae,uncultured,Unassigned,NA
0b89a7e78c65585f8f5902053f863ff7,Plant species,Festuca,Bacteria,Positive,6.744891026,2.554034346,1.064582215,2.399095448,0.01643563,Actinobacteriota,Thermoleophilia,Solirubrobacterales,67-14,67-14,Unassigned,NA
5f931ec06971f998bb73a21ee6a17924,Plant species,Festuca,Bacteria,Negative,13.09452464,-0.675389837,0.283024363,-2.386331093,0.017017423,Actinobacteriota,Actinobacteria,Propionibacteriales,Nocardioidaceae,Kribbella,Unassigned,NA
34e2332a52f790f72b0855275f0701b1,Plant species,Festuca,Bacteria,Negative,4.398592963,-1.250649304,0.52896378,-2.364338261,0.018062312,Actinobacteriota,Acidimicrobiia,Microtrichales,uncultured,uncultured,Unassigned,NA
a6d5ca4341a8a05e4ac5818ba44bbf49,Plant species,Festuca,Bacteria,Positive,26.61720523,0.765697859,0.326683669,2.343851045,0.019085792,Actinobacteriota,Acidimicrobiia,Microtrichales,Ilumatobacteraceae,Ilumatobacter,Unassigned,NA
0efb744ea38a890e08a12a7b33f6495f,Plant species,Festuca,Bacteria,Negative,2.32067713,-2.037636749,0.873874106,-2.331728032,0.019715003,Gemmatimonadota,Gemmatimonadetes,Gemmatimonadales,Gemmatimonadaceae,uncultured,Unassigned,NA
b0cd81155b18a1ee9759388e3e6e41bd,Plant species,Festuca,Bacteria,Positive,2.663513852,2.152021886,0.923709521,2.329760425,0.019818817,Myxococcota,Polyangia,Haliangiales,Haliangiaceae,Haliangium,Unassigned,NA
e7fd4327b0360005cfe3a8b7679edb71,Plant species,Festuca,Bacteria,Positive,4.822127155,2.166174733,0.931353207,2.325835908,0.020027306,Proteobacteria,Gammaproteobacteria,Xanthomonadales,Rhodanobacteraceae,Rhodanobacter,Rhodanobacter_sp.,NA
c2a5ac30e8d04178f4b72125f8c4815e,Plant species,Festuca,Bacteria,Negative,9.217541881,-0.796731481,0.34346733,-2.319671801,0.020358638,Actinobacteriota,Thermoleophilia,Solirubrobacterales,Solirubrobacteraceae,Conexibacter,uncultured_bacterium,NA
b7966db744c0497b6b0b72fbe2a7e1b6,Plant species,Festuca,Bacteria,Positive,4.529565994,1.042673611,0.450215528,2.315943244,0.020561368,Actinobacteriota,Acidimicrobiia,Microtrichales,Ilumatobacteraceae,CL500-29_marine_group,metagenome,NA
0041977bb04d9c432a3946e59b4544b7,Plant species,Festuca,Bacteria,Positive,36.58201044,0.735771106,0.321431668,2.289043608,0.022076819,Actinobacteriota,Thermoleophilia,Solirubrobacterales,67-14,67-14,metagenome,NA
b8f6e2951097aebc8e94c1411a7ec89c,Plant species,Festuca,Bacteria,Positive,1.18966259,1.738418408,0.762853907,2.278835294,0.022676858,Verrucomicrobiota,Verrucomicrobiae,Opitutales,Puniceicoccaceae,Cerasicoccus,Coraliomargarita_sp.,NA
8ef599893bc2da4b05004549671cc4ab,Plant species,Festuca,Bacteria,Positive,3.284895274,2.063485391,0.907107126,2.274797907,0.022918056,Bacteroidota,Bacteroidia,Chitinophagales,Chitinophagaceae,Niabella,Niabella_sp.,NA
5bd7e3ed9491620fcd081e990c61d649,Plant species,Festuca,Bacteria,Positive,3.040216511,1.770595073,0.791460911,2.237122578,0.02527833,Verrucomicrobiota,Verrucomicrobiae,Pedosphaerales,Pedosphaeraceae,ADurb.Bin063-1,uncultured_bacterium,NA
70430642e04cd421315bd2146ad45eb5,Plant species,Festuca,Bacteria,Negative,12.67878947,-1.325996848,0.593269001,-2.235068487,0.025412853,Actinobacteriota,Actinobacteria,Micromonosporales,Micromonosporaceae,Actinoplanes,uncultured_actinobacterium,NA
ff24dad07b6b6de4f33024019f04e0aa,Plant species,Festuca,Bacteria,Positive,1.13636815,1.652072677,0.739642691,2.233609143,0.025508802,Bacteroidota,Bacteroidia,Flavobacteriales,Weeksellaceae,Moheibacter,Moheibacter_sediminis,NA
e08b92658da23d9750619a769961afa6,Plant species,Festuca,Bacteria,Positive,6.108136796,1.160510141,0.526035256,2.206145172,0.027373837,Verrucomicrobiota,Verrucomicrobiae,Verrucomicrobiales,Rubritaleaceae,Luteolibacter,Unassigned,NA
eae2ee7cfbac3d6e040e465330b5bef1,Plant species,Festuca,Bacteria,Positive,9.592946994,0.590555968,0.271194161,2.177613135,0.029434851,Actinobacteriota,Actinobacteria,Micromonosporales,Micromonosporaceae,Luedemannella,metagenome,NA
e0bd234253805cdfef801263c4f2dbde,Plant species,Festuca,Bacteria,Negative,13.04059791,-0.982909406,0.456216784,-2.154478838,0.03120264,Actinobacteriota,Actinobacteria,Frankiales,Cryptosporangiaceae,Cryptosporangium,Cryptosporangium_sp.,NA
829ee0e126800d181ab4a09065174a4d,Plant species,Festuca,Bacteria,Positive,8.45268679,1.590049691,0.742691963,2.140927559,0.03227988,Proteobacteria,Gammaproteobacteria,Enterobacterales,Enterobacteriaceae,Unassigned,Unassigned,NA
0c879583ad859ce0ee6df1cd9c0be364,Plant species,Festuca,Bacteria,Positive,1.653375938,1.83295401,0.859556247,2.132442195,0.032970512,Chloroflexi,Anaerolineae,SBR1031,A4b,A4b,Unassigned,NA
753f434f22612ddb1f9edf45dfcedf9f,Plant species,Festuca,Bacteria,Positive,2.271505377,1.659558272,0.782171833,2.121731061,0.033860329,Bacteroidota,Bacteroidia,Chitinophagales,Saprospiraceae,uncultured,uncultured_Haliscomenobacter,NA
85b73b00757c8c518dbedfff58a5ad9d,Plant species,Festuca,Bacteria,Positive,1.51255771,1.742407629,0.826618169,2.107874826,0.035041818,Actinobacteriota,Actinobacteria,Catenulisporales,Catenulisporaceae,Catenulispora,Catenulispora_sp.,NA
11cbc693b8506a5ffe31f089d07afbd0,Plant species,Festuca,Bacteria,Positive,2.844195473,1.346305135,0.646906886,2.081142068,0.037420904,Actinobacteriota,Actinobacteria,Corynebacteriales,Nocardiaceae,Williamsia,Unassigned,NA
2bfbba19b5907275c56b1d5e082cf9bd,Plant species,Festuca,Bacteria,Positive,3.233157585,1.016361594,0.490894371,2.07042829,0.038412255,Acidobacteriota,Acidobacteriae,Acidobacteriales,uncultured,uncultured,Unassigned,NA
616b0604544ab4de28e9ef2cf417125a,Plant species,Festuca,Bacteria,Negative,15.2074787,-1.186757707,0.573584663,-2.069019248,0.038544281,Actinobacteriota,Actinobacteria,Frankiales,uncultured,uncultured,Unassigned,NA
aaf8eb423c9a2c2724964ce734be1812,Plant species,Festuca,Bacteria,Positive,15.86450733,1.035659453,0.510325757,2.029408547,0.042416695,Actinobacteriota,Thermoleophilia,Solirubrobacterales,67-14,67-14,metagenome,NA
ecf928cf7076ef1c61420156969d8328,Plant species,Festuca,Bacteria,Negative,23.43815361,-0.928483139,0.46241849,-2.007884979,0.044655516,Actinobacteriota,Actinobacteria,Micromonosporales,Micromonosporaceae,Actinoplanes,Unassigned,NA
811737b9bdcb9d5a56fc7dc0c023e17a,Plant species,Festuca,Bacteria,Positive,2.739515294,1.196335388,0.597072982,2.003666928,0.045105751,Proteobacteria,Alphaproteobacteria,Dongiales,Dongiaceae,Dongia,metagenome,NA
9d9b0f8488f01f1ded32bc2e0b57f953,Plant species,Festuca,Bacteria,Positive,2.938777733,1.721519644,0.85977733,2.002285457,0.045254039,Proteobacteria,Gammaproteobacteria,Burkholderiales,Comamonadaceae,Unassigned,Unassigned,NA
31e144c3ddec680384c762bf6bb87730,Plant species,Festuca,Bacteria,Positive,2.322365966,2.181100204,1.090134782,2.00076196,0.045418049,Bacteroidota,Bacteroidia,Sphingobacteriales,Sphingobacteriaceae,Pedobacter,Unassigned,NA
a6a1593fd68bbbeb2ee87fa6ca172a48,Plant species,Festuca,Bacteria,Positive,2.798464079,2.229602753,1.121668673,1.987755214,0.046838769,Proteobacteria,Gammaproteobacteria,Xanthomonadales,Xanthomonadaceae,Lysobacter,Unassigned,NA
abfacc0189d534cf0cbf60ca087bab8e,Plant species,Festuca,Bacteria,Negative,16.59449938,-0.715045124,0.361451048,-1.978262696,0.047899079,Actinobacteriota,Actinobacteria,Pseudonocardiales,Pseudonocardiaceae,Lechevalieria,Unassigned,NA
4f4b5cfa3c264c8c78282c34a8d40814,Plant species,Festuca,Bacteria,Negative,1.588286735,-1.690544435,0.855977827,-1.974986246,0.048269709,Actinobacteriota,Actinobacteria,Micrococcales,Demequinaceae,Demequina,Unassigned,NA
206f8c4ad7b0b122a6c684d6fb222a85,Plant species,Lolium,Bacteria,Positive,3.09742562,1.77675483,0.596232012,2.979972216,0.002882745,Proteobacteria,Gammaproteobacteria,Pseudomonadales,Moraxellaceae,Acinetobacter,Unassigned,NA
b237d2c72b5932c757ae9d579cae3fae,Plant species,Lolium,Bacteria,Positive,3.927473557,1.906584018,0.682413797,2.793882578,0.005207939,Patescibacteria,Saccharimonadia,Saccharimonadales,Saccharimonadales,Saccharimonadales,uncultured_bacterium,NA
05bea27fc0930238479537f94e1db2e3,Plant species,Lolium,Bacteria,Positive,6.04223484,1.691186349,0.624595669,2.707649818,0.006776148,Proteobacteria,Gammaproteobacteria,Xanthomonadales,Xanthomonadaceae,Stenotrophomonas,Unassigned,NA
1c8169b4e7008ce117a2b8695986fe8f,Plant species,Lolium,Bacteria,Positive,5.050376053,2.536052159,1.021321757,2.483107935,0.013024162,Actinobacteriota,Actinobacteria,Streptomycetales,Streptomycetaceae,Streptomyces,Unassigned,NA
e6cca374503bfbaa3dfe97d6fc4a4848,Plant species,Lolium,Bacteria,Positive,2.335399428,1.612516912,0.674178354,2.391825402,0.016764815,Bacteroidota,Bacteroidia,Sphingobacteriales,Sphingobacteriaceae,Sphingobacterium,Unassigned,NA
c1578b27838a0ae5b0c8caa3551ac32c,Plant species,Lolium,Bacteria,Positive,2.131236827,1.15957843,0.491136677,2.361009644,0.018225257,Chloroflexi,Chloroflexia,Chloroflexales,Herpetosiphonaceae,Herpetosiphon,uncultured_bacterium,NA
deb4f5f039cd737df890d3b74c465ebf,Plant species,Lolium,Bacteria,Negative,2.96126714,-2.132047183,0.982235329,-2.170607308,0.029960869,Actinobacteriota,Actinobacteria,Kineosporiales,Kineosporiaceae,Kineococcus,uncultured_bacterium,NA
7e864806c87cd4c49057be58da2716a8,Plant species,Lolium,Bacteria,Positive,3.561044901,1.112597833,0.515178023,2.159637609,0.030800735,Proteobacteria,Alphaproteobacteria,Rhizobiales,Beijerinckiaceae,Bosea,Unassigned,NA
4b1a0d48bdbc336ce62a6a84ee3cf58c,Plant species,Lolium,Bacteria,Positive,11.68570322,1.101763712,0.513480535,2.145677658,0.031898705,Actinobacteriota,Actinobacteria,Streptomycetales,Streptomycetaceae,Streptomyces,Unassigned,NA
93c2476f9d832b99f5e47e72873b9827,Plant species,Lolium,Bacteria,Positive,4.357805329,0.823568182,0.414634061,1.986253085,0.047005229,Bacteroidota,Bacteroidia,Flavobacteriales,Weeksellaceae,Chryseobacterium,Unassigned,NA
45a1033bc181a3d144aab8d4fa827c80,Plant species,Lolium,Bacteria,Positive,12.98004265,1.104065778,0.561284431,1.96703439,0.049179246,Actinobacteriota,Actinobacteria,Micrococcales,Microbacteriaceae,Microbacterium,Unassigned,NA
af0ae921076b9e18e8724755a8773914,Plant species,Festuca,Fungi,Positive,20.36466692,24.05705864,1.308772356,18.3813927,1.85E-75,Basidiomycota,Tremellomycetes,Trichosporonales,Trichosporonaceae,Cutaneotrichosporon,Cutaneotrichosporon_middelhovenii,Saprotroph
7624628d04c4f31c3f2ff789dfd6211a,Plant species,Festuca,Fungi,Positive,20.10728296,24.03633461,1.397284157,17.20218073,2.56E-66,Ascomycota,Dothideomycetes,Unassigned,Unassigned,Unassigned,Unassigned,Saprotroph-Symbiotroph
4df3629f5008044e8a6746205784a6df,Plant species,Festuca,Fungi,Positive,338.3978974,5.837549829,0.890977997,6.551845106,5.68E-11,Basidiomycota,Agaricomycetes,Agaricomycetes_ord_Incertae_sedis,Agaricomycetes_fam_Incertae_sedis,Agaricomycetes_gen_Incertae_sedis,Agaricomycetes_sp,Pathotroph
388c5def35d157e58fc63c51f8732e89,Plant species,Festuca,Fungi,Negative,4.427350701,-1.910224259,0.546406329,-3.495977549,0.000472328,Ascomycota,Dothideomycetes,Pleosporales,Phaeosphaeriaceae,Phaeosphaeria,Phaeosphaeria_sp,Saprotroph
489611dfba4286a95d43cb49e6c3b15f,Plant species,Festuca,Fungi,Negative,11.11116085,-2.719074843,0.779687037,-3.487392653,0.000487755,Basidiomycota,Unassigned,Unassigned,Unassigned,Unassigned,Unassigned,Unassigned
4f19c3d68d95021da43e3624a02df340,Plant species,Festuca,Fungi,Positive,8.087346438,2.528041293,0.772415303,3.272904204,0.001064485,Rozellomycota,Rozellomycota_cls_Incertae_sedis,Rozellomycota_ord_Incertae_sedis,Rozellomycota_fam_Incertae_sedis,Rozellomycota_gen_Incertae_sedis,Rozellomycota_sp,Pathotroph-Saprotroph
96b157c7599f1b27f8812fd416c6c163,Plant species,Festuca,Fungi,Positive,2.501145603,2.075804052,0.666879903,3.112710464,0.001853778,Ascomycota,Sordariomycetes,Hypocreales,Hypocreales_fam_Incertae_sedis,Hypocreales_gen_Incertae_sedis,Hypocreales_sp,Saprotroph-Symbiotroph
affc0087783e6bfe1391b7499c7b2be2,Plant species,Festuca,Fungi,Positive,7.130400633,2.674915546,0.880233762,3.038869516,0.002374677,Ascomycota,Orbiliomycetes,Orbiliales,Orbiliales_fam_Incertae_sedis,Orbiliales_gen_Incertae_sedis,Orbiliales_sp,Unassigned
58d94c6bbc2464fa139db9d93660aba0,Plant species,Festuca,Fungi,Positive,8.095386822,2.167787512,0.776115748,2.793123985,0.005220168,Basidiomycota,Pucciniomycetes,Platygloeales,Platygloeales_fam_Incertae_sedis,Platygloeales_gen_Incertae_sedis,Platygloeales_sp,Saprotroph-Symbiotroph
5959a73ea6e30301ba3c393ab671e070,Plant species,Festuca,Fungi,Positive,24.9240234,1.304019559,0.473411241,2.754517522,0.005877874,Ascomycota,Sordariomycetes,Glomerellales,Plectosphaerellaceae,Gibellulopsis,Gibellulopsis_piscis,Saprotroph
4aee8dd63a71aaff54510fb9fcd58e83,Plant species,Festuca,Fungi,Negative,4.723376608,-1.900061503,0.693653559,-2.739208179,0.006158736,Ascomycota,Sordariomycetes,Sordariales,Sordariales_fam_Incertae_sedis,Sordariales_gen_Incertae_sedis,Sordariales_sp,Pathotroph-Saprotroph-Symbiotroph
308f9c4a04e6196baa16799657e1f6ab,Plant species,Festuca,Fungi,Negative,45.21861459,-0.982916464,0.364219043,-2.698695971,0.006961174,Ascomycota,Dothideomycetes,Tubeufiales,Tubeufiaceae,Tubeufiaceae_gen_Incertae_sedis,Tubeufiaceae_sp,Saprotroph-Symbiotroph
0770b81f6eeada4004f2a3e2b503cb45,Plant species,Festuca,Fungi,Negative,23.63313227,-1.154275182,0.4475843,-2.578900072,0.009911545,Ascomycota,Dothideomycetes,Pleosporales,Pleosporaceae,Pleosporaceae_gen_Incertae_sedis,Pleosporaceae_sp,Saprotroph
6b8d21947efd59b7c0b80b635982bc88,Plant species,Festuca,Fungi,Negative,5.826225704,-2.106732754,0.820150537,-2.568714718,0.010207645,Ascomycota,Leotiomycetes,Helotiales,Helotiales_fam_Incertae_sedis,Helotiales_gen_Incertae_sedis,Helotiales_sp,Saprotroph
32893491afd2a6452ab4a6528aa403fd,Plant species,Festuca,Fungi,Negative,4.782336141,-1.250336124,0.501285113,-2.494261435,0.012621954,Ascomycota,Sordariomycetes,Myrmecridiales,Myrmecridiaceae,Myrmecridium,Myrmecridium_sp,Symbiotroph
43fcf4c183f274f646be863205a387ba,Plant species,Festuca,Fungi,Positive,59.47394968,1.710883566,0.69476331,2.462541617,0.013795616,Ascomycota,Dothideomycetes,Pleosporales,Melanommataceae,Camposporium,Camposporium_appendiculatum,Symbiotroph
9c48a35c31d391ba0697c66bb2c34739,Plant species,Festuca,Fungi,Positive,4.400175593,2.712498682,1.13191218,2.396386161,0.016557636,Ascomycota,Eurotiomycetes,Chaetothyriales,Cyphellophoraceae,Cyphellophora,Cyphellophora_sp,Saprotroph
8f708b3773da36b96662639556f59e71,Plant species,Festuca,Fungi,Positive,3.145735949,1.534870956,0.640761219,2.395386785,0.016602841,Ascomycota,Unassigned,Unassigned,Unassigned,Unassigned,Unassigned,Pathotroph-Saprotroph-Symbiotroph
8e6eb50c954c079536a05bcd7667d380,Plant species,Festuca,Fungi,Negative,5.784838777,-1.72963056,0.730015219,-2.369307538,0.017821428,Basidiomycota,Agaricomycetes,Cantharellales,Ceratobasidiaceae,Ceratobasidium,Ceratobasidium_sp,Saprotroph
a66111b7be66dcd6d4d4ee82cd6f9473,Plant species,Festuca,Fungi,Negative,7.777451584,-1.390161018,0.614492212,-2.262292331,0.023679348,Ascomycota,Leotiomycetes,Helotiales,Unassigned,Unassigned,Unassigned,Pathotroph-Saprotroph-Symbiotroph
798dcda14eec753ff7ce90301094cac7,Plant species,Festuca,Fungi,Negative,4.709082854,-2.010405823,0.891254817,-2.255702617,0.024089262,Ascomycota,Dothideomycetes,Pleosporales,Pleosporales_fam_Incertae_sedis,Pseudorobillarda,Unassigned,Unassigned
71ad59035606c80044ec4337ae7a095e,Plant species,Festuca,Fungi,Positive,6.261563459,2.26772449,1.050751909,2.158192119,0.030912898,Basidiomycota,Agaricomycetes,Auriculariales,Auriculariales_fam_Incertae_sedis,Oliveonia,Oliveonia_sp,Saprotroph
12a071711d078639b9ccd26e6ddf574c,Plant species,Festuca,Fungi,Negative,8.915190522,-2.39268754,1.114517764,-2.14683661,0.031806292,Ascomycota,Leotiomycetes,Phacidiales,Phacidiaceae,Gremmenia,Gremmenia_infestans,Pathotroph-Saprotroph
27387b050a9334f5b423f5b6529b4a55,Plant species,Festuca,Fungi,Negative,2.615057992,-2.188034951,1.030451035,-2.123375954,0.033722361,Ascomycota,Leotiomycetes,Helotiales,Hyaloscyphaceae,Cistella,Cistella_sp,Pathotroph-Saprotroph
8f031b793737cee4bbd9a6d08f7984fd,Plant species,Festuca,Fungi,Positive,5.827634399,1.955305948,0.923614181,2.117015945,0.034258495,Basidiomycota,Agaricomycetes,Auriculariales,Auriculariales_fam_Incertae_sedis,Auriculariales_gen_Incertae_sedis,Auriculariales_sp,Saprotroph
b9bc1a3e590b6fb3ee2efc4a07eb2ee7,Plant species,Festuca,Fungi,Negative,2.247357053,-1.728167759,0.818303876,-2.111889982,0.034695887,Ascomycota,Leotiomycetes,Helotiales,Hyaloscyphaceae,Rodwayella,Rodwayella_sp,Pathotroph-Saprotroph
9e40fe3bd7cff49102d1f1fb383f2f58,Plant species,Festuca,Fungi,Positive,11.32316545,2.952553638,1.453873604,2.030818656,0.042273394,Ascomycota,Sordariomycetes,Sordariomycetes_ord_Incertae_sedis,Sordariomycetes_fam_Incertae_sedis,Sordariomycetes_gen_Incertae_sedis,Sordariomycetes_sp,Pathotroph-Saprotroph-Symbiotroph
1809e2dd1211a4ba39a90cde21e5a071,Plant species,Festuca,Fungi,Negative,3.677213144,-2.23231607,1.108402161,-2.013994694,0.044010091,Basidiomycota,Agaricomycetes,Agaricales,Mycenaceae,Mycena,Mycena_sp,Symbiotroph
624f247cabdc74fd157f6ee3a1407971,Plant species,Festuca,Fungi,Negative,24.31299842,-0.659762029,0.329097225,-2.00476327,0.044988361,Ascomycota,Leotiomycetes,Helotiales,Calloriaceae,Populomyces,Populomyces_zwinianus,Saprotroph
028c5227bb25d158a242cc704531e319,Plant species,Festuca,Fungi,Positive,2.091805092,1.836881608,0.921705021,1.992917003,0.046270536,Rozellomycota,Rozellomycota_cls_Incertae_sedis,Rozellomycota_ord_Incertae_sedis,Rozellomycota_fam_Incertae_sedis,Rozellomycota_gen_Incertae_sedis,Rozellomycota_sp,Saprotroph
0b644216f89660dbc978a1f77db97da9,Plant species,Lolium,Fungi,Negative,42.01793116,-8.462060494,1.388284248,-6.095337107,1.09E-09,Ascomycota,Sordariomycetes,Hypocreales,Hypocreaceae,Trichoderma,Unassigned,Pathotroph-Saprotroph
9f2fbed6b8daa0c72370de68be66e8cc,Plant species,Lolium,Fungi,Negative,51.76866384,-3.327820734,0.557927859,-5.964607572,2.45E-09,Ascomycota,Leotiomycetes,Helotiales,Unassigned,Unassigned,Unassigned,Saprotroph
3bc415e60c057b9ee9ec05beab58bbc9,Plant species,Lolium,Fungi,Negative,15.36306655,-3.63841121,1.185036049,-3.070295806,0.002138469,Ascomycota,Eurotiomycetes,Eurotiales,Aspergillaceae,Penicillium,Penicillium_sp,Unassigned
4170bea37e492375ff4077f2cae76498,Plant species,Lolium,Fungi,Positive,18.32536814,2.518672014,0.824939468,3.053159793,0.002264453,Ascomycota,Dothideomycetes,Pleosporales,Periconiaceae,Periconia,Periconia_verrucosa,Saprotroph
a10905a6bf85f85517df05f48275c6aa,Plant species,Lolium,Fungi,Negative,7.707034816,-3.043023098,1.000437735,-3.041691644,0.002352528,Ascomycota,Dothideomycetes,Pleosporales,Pleosporales_fam_Incertae_sedis,Pleosporales_gen_Incertae_sedis,Pleosporales_sp,Saprotroph
66326f79ffcaa57d139994090b75c715,Plant species,Lolium,Fungi,Positive,9.768741655,1.360318411,0.500800813,2.716286344,0.006601879,Ascomycota,Sordariomycetes,Xylariales,Xylariales_fam_Incertae_sedis,Fusidium,Fusidium_sp,Pathotroph
40d6a6001683a0231af9efc2a81cea25,Plant species,Lolium,Fungi,Positive,9.381249073,1.778697971,0.675402309,2.633538482,0.008450026,Ascomycota,Dothideomycetes,Pleosporales,Pleosporales_fam_Incertae_sedis,Pleosporales_gen_Incertae_sedis,Pleosporales_sp,Unassigned
e0b3760b8bbe6b8fe850419d9c58daea,Plant species,Lolium,Fungi,Positive,52.8501921,0.909765589,0.348141466,2.613206634,0.008969705,Ascomycota,Sordariomycetes,Myrmecridiales,Myrmecridiaceae,Myrmecridium,Myrmecridium_sp,Pathotroph
7cf2e7a8f50836b94c0ad75b6524b7c3,Plant species,Lolium,Fungi,Positive,4.31751002,1.900153408,0.733774648,2.589559907,0.00960987,Ascomycota,Leotiomycetes,Leotiomycetes_ord_Incertae_sedis,Leotiomycetes_fam_Incertae_sedis,Leotiomycetes_gen_Incertae_sedis,Leotiomycetes_sp,Pathotroph
388c5def35d157e58fc63c51f8732e89,Plant species,Lolium,Fungi,Negative,18.60216638,-1.395080172,0.539236814,-2.587138221,0.009677676,Ascomycota,Dothideomycetes,Pleosporales,Phaeosphaeriaceae,Phaeosphaeria,Phaeosphaeria_sp,Saprotroph
d3689dadfa683f42141a0a9ec8a2ef1c,Plant species,Lolium,Fungi,Negative,7.021222314,-2.980370916,1.167740201,-2.552255129,0.010702811,Basidiomycota,Agaricomycetes,Sebacinales,Serendipitaceae,Serendipitaceae_gen_Incertae_sedis,Serendipitaceae_sp,Pathotroph-Saprotroph-Symbiotroph
36e197e78fcc86e7a1905ab7d2edc212,Plant species,Lolium,Fungi,Positive,9.517824582,1.968152246,0.786245203,2.503229576,0.012306569,Ascomycota,Sordariomycetes,Hypocreales,Hypocreales_fam_Incertae_sedis,Sarocladium,Sarocladium_pseudostrictum,Saprotroph-Symbiotroph
b4ed3b780d61506936a4c2f2c997ab8c,Plant species,Lolium,Fungi,Positive,6.581428692,2.196374516,0.880772769,2.493690308,0.012642279,Ascomycota,Sordariomycetes,Coniochaetales,Coniochaetaceae,Coniochaeta,Coniochaeta_sp,Saprotroph
69f73601dfe0c9a00f7c038fad87762a,Plant species,Lolium,Fungi,Negative,4.008766935,-2.341457382,0.948969724,-2.467367843,0.013611045,Ascomycota,Sordariomycetes,Sordariales,Sordariales_fam_Incertae_sedis,Sordariales_gen_Incertae_sedis,Sordariales_sp,Pathotroph-Saprotroph-Symbiotroph
9c4bfb29f14130dcb0f61860d5c3de65,Plant species,Lolium,Fungi,Positive,75.21331214,1.056158137,0.433036837,2.438956795,0.014729729,Ascomycota,Dothideomycetes,Pleosporales,Pleosporales_fam_Incertae_sedis,Aaosphaeria,Aaosphaeria_arxii,Unassigned
06a22a0e11dac5c945d5ddd5d8777735,Plant species,Lolium,Fungi,Negative,4.94831769,-2.386878715,0.997648737,-2.392504121,0.01673384,Ascomycota,Sordariomycetes,Sordariales,Sordariales_fam_Incertae_sedis,Sordariales_gen_Incertae_sedis,Sordariales_sp,Pathotroph-Saprotroph-Symbiotroph
121856559a4e4bd519d34b23ec778caf,Plant species,Lolium,Fungi,Positive,24.09845409,1.331248685,0.578504945,2.301188083,0.021381002,Ascomycota,Sordariomycetes,Hypocreales,Hypocreales_fam_Incertae_sedis,Fusariella,Fusariella_hughesii,Unassigned
1e54178dadb23ac69e4195e4f8f58cda,Plant species,Lolium,Fungi,Positive,24.92530081,1.023134446,0.448504124,2.281215246,0.022535713,Ascomycota,Sordariomycetes,Myrmecridiales,Myrmecridiaceae,Myrmecridium,Myrmecridium_schulzeri,Saprotroph-Symbiotroph
d179c3fe82d889192d7cf7c3f334a3e1,Plant species,Lolium,Fungi,Negative,9.241598174,-2.630836151,1.23325461,-2.133246558,0.032904506,Ascomycota,Sordariomycetes,Hypocreales,Stachybotryaceae,Unassigned,Unassigned,Pathotroph-Saprotroph
17458eb7466c5e0518b73eaa6d68273d,Plant species,Lolium,Fungi,Negative,15.70133308,-2.189226061,1.057372064,-2.070440609,0.038411102,Basidiomycota,Agaricomycetes,Agaricales,Agaricales_fam_Incertae_sedis,Agaricales_gen_Incertae_sedis,Agaricales_sp,Unassigned
6c80b13815b97c42c905874617a2fe45,Plant species,Lolium,Fungi,Negative,3.343120176,-2.251429544,1.094953432,-2.056187485,0.039764448,Ascomycota,Dothideomycetes,Pleosporales,Unassigned,Unassigned,Unassigned,Pathotroph
fb74cfacad477f5a6e17574aba0366d2,Plant species,Lolium,Fungi,Positive,15.71821656,1.452381328,0.72350467,2.007424952,0.044704434,Ascomycota,Eurotiomycetes,Chaetothyriales,Chaetothyriales_fam_Incertae_sedis,Chaetothyriales_gen_Incertae_sedis,Chaetothyriales_sp,Pathotroph-Saprotroph
59b4dc48558fad763877b4c830707eb7,Plant species,Lolium,Fungi,Positive,10.69939954,1.937604263,0.978140695,1.980905481,0.047601874,Ascomycota,Sordariomycetes,Hypocreales,Hypocreaceae,Trichoderma,Trichoderma_sp,Pathotroph-Saprotroph-Symbiotroph
427331af89fe4358165234642f8e5fb2,Climatic conditions,Current,Bacteria,Positive,10.96309432,1.904470714,0.424640567,4.484900547,7.29E-06,Actinobacteriota,Thermoleophilia,Solirubrobacterales,67-14,67-14,metagenome,NA
1d0cf3eaca4371059f492349ac08d2ee,Climatic conditions,Current,Bacteria,Negative,28.08516664,-1.513751945,0.386275318,-3.918842011,8.90E-05,Cyanobacteria,Cyanobacteriia,Cyanobacteriales,Phormidiaceae,Tychonema_CCAP_1459-11B,Unassigned,NA
184725c2b78e7d8052cda20ad18460bc,Climatic conditions,Current,Bacteria,Positive,3.015222882,1.653842772,0.528336266,3.130284404,0.001746371,Proteobacteria,Gammaproteobacteria,Burkholderiales,Nitrosomonadaceae,MND1,Unassigned,NA
829ee0e126800d181ab4a09065174a4d,Climatic conditions,Current,Bacteria,Positive,3.89189122,2.332825873,0.851644214,2.739202399,0.006158845,Proteobacteria,Gammaproteobacteria,Enterobacterales,Enterobacteriaceae,Unassigned,Unassigned,NA
0126c2e63608de8198236143b7c8d1a8,Climatic conditions,Current,Bacteria,Positive,11.77857277,1.091744498,0.400960962,2.722819928,0.006472733,Actinobacteriota,Actinobacteria,Micrococcales,Micrococcaceae,Paenarthrobacter,Unassigned,NA
b237d2c72b5932c757ae9d579cae3fae,Climatic conditions,Current,Bacteria,Positive,4.224935245,1.519889632,0.583587539,2.60439014,0.009203792,Patescibacteria,Saccharimonadia,Saccharimonadales,Saccharimonadales,Saccharimonadales,uncultured_bacterium,NA
29849fa6c4f8948fcbe52b45834894c7,Climatic conditions,Current,Bacteria,Positive,8.312862683,0.876905001,0.337590443,2.597540951,0.009389392,Proteobacteria,Alphaproteobacteria,Micropepsales,Micropepsaceae,uncultured,Unassigned,NA
826469ec77fff5d79a8cb10c4aaea533,Climatic conditions,Current,Bacteria,Positive,1.769323273,1.224246641,0.495354133,2.471457407,0.013456358,Chloroflexi,Anaerolineae,Anaerolineales,Anaerolineaceae,uncultured,Unassigned,NA
1bd449e1bfaffbda91a387ad13bfc8a4,Climatic conditions,Current,Bacteria,Negative,15.6922556,-1.022620437,0.414595287,-2.466551043,0.013642128,Actinobacteriota,Actinobacteria,Pseudonocardiales,Pseudonocardiaceae,Umezawaea,Unassigned,NA
0018898cc19e29539009a5b564db5326,Climatic conditions,Current,Bacteria,Positive,2.772571175,1.875933579,0.762438647,2.460438734,0.013876726,Acidobacteriota,Vicinamibacteria,Vicinamibacterales,Vicinamibacteraceae,Vicinamibacteraceae,Unassigned,NA
c5fcd5e43800342700bc322622b43a45,Climatic conditions,Current,Bacteria,Positive,4.619929127,2.000605753,0.828414224,2.414982379,0.015735971,Bacteroidota,Bacteroidia,Chitinophagales,Chitinophagaceae,Puia,metagenome,NA
4b1a0d48bdbc336ce62a6a84ee3cf58c,Climatic conditions,Current,Bacteria,Positive,12.22535604,1.312145746,0.549102609,2.38961849,0.016865882,Actinobacteriota,Actinobacteria,Streptomycetales,Streptomycetaceae,Streptomyces,Unassigned,NA
eae2ee7cfbac3d6e040e465330b5bef1,Climatic conditions,Current,Bacteria,Positive,8.300344307,0.7292398,0.30598549,2.383249608,0.017160554,Actinobacteriota,Actinobacteria,Micromonosporales,Micromonosporaceae,Luedemannella,metagenome,NA
67536b6fde95dd328b35d905e279e2c1,Climatic conditions,Current,Bacteria,Positive,5.221800433,2.616073997,1.110829296,2.355063919,0.01851952,Actinobacteriota,Actinobacteria,Micrococcales,Microbacteriaceae,Microbacterium,Unassigned,NA
3f8147a956846f08e37238f31c0534ae,Climatic conditions,Current,Bacteria,Positive,2.690003005,2.148703853,0.982069234,2.187935207,0.028674322,Actinobacteriota,Thermoleophilia,Solirubrobacterales,67-14,67-14,metagenome,NA
fdbca6d49f73fa35d8d113a01a3a4b62,Climatic conditions,Current,Bacteria,Positive,2.294579463,1.742965979,0.79829719,2.183354772,0.029009694,Bacteroidota,Bacteroidia,Chitinophagales,Chitinophagaceae,Niastella,Unassigned,NA
2bc063232c2ee9eee8aeda6da6513fd7,Climatic conditions,Current,Bacteria,Positive,3.460760321,0.769294188,0.353397368,2.176853191,0.029491523,Planctomycetota,Planctomycetes,Gemmatales,Gemmataceae,uncultured,Unassigned,NA
874820753f702fec003fe0754be1301a,Climatic conditions,Current,Bacteria,Positive,9.182583926,2.613609999,1.226770946,2.130479213,0.03313207,Actinobacteriota,Thermoleophilia,Solirubrobacterales,67-14,67-14,metagenome,NA
abe3c653201e0f86f2d5c49f7ed32f75,Climatic conditions,Current,Bacteria,Positive,15.00514615,0.886802508,0.423374052,2.094607604,0.036205889,Proteobacteria,Gammaproteobacteria,Enterobacterales,Erwiniaceae,Pantoea,Unassigned,NA
c0f291ac6474b318c7f877186534b9ee,Climatic conditions,Current,Bacteria,Negative,1.828253355,-1.38700953,0.663645822,-2.089984572,0.036619186,Chloroflexi,Chloroflexia,Chloroflexales,Chloroflexaceae,FFCH7168,uncultured_bacterium,NA
9f50183eb781ef478bb9ecb33b969eff,Climatic conditions,Current,Bacteria,Positive,1.923808468,0.932941852,0.45807774,2.036645247,0.041685605,Chloroflexi,Anaerolineae,SBR1031,SBR1031,SBR1031,uncultured_Gemmatimonadetes,NA
e0bd234253805cdfef801263c4f2dbde,Climatic conditions,Current,Bacteria,Negative,9.725035485,-0.998454594,0.490645362,-2.034982233,0.041852661,Actinobacteriota,Actinobacteria,Frankiales,Cryptosporangiaceae,Cryptosporangium,Cryptosporangium_sp.,NA
9be80de0f9841667bf039c27d5d397d9,Climatic conditions,Current,Bacteria,Positive,3.893681044,1.574620822,0.779443728,2.020185377,0.043364163,Proteobacteria,Gammaproteobacteria,Burkholderiales,Nitrosomonadaceae,Ellin6067,Unassigned,NA
7d8769036727bf4baafaa3b00dbfc336,Climatic conditions,Current,Bacteria,Negative,4.875394755,-1.138418206,0.567161455,-2.007220689,0.04472617,Actinobacteriota,Thermoleophilia,Solirubrobacterales,Solirubrobacteraceae,Conexibacter,Unassigned,NA
116c70d4755de255b571b8ee452511a0,Climatic conditions,Current,Bacteria,Positive,2.837147977,1.099397353,0.549346103,2.001283613,0.045361835,Myxococcota,Polyangia,Haliangiales,Haliangiaceae,Haliangium,uncultured_proteobacterium,NA
d8e87b85bd8dcc26632cd15d536a9b28,Climatic conditions,Current,Bacteria,Positive,1.1790187,1.592141692,0.803922848,1.980465782,0.047651215,Myxococcota,Polyangia,Polyangiales,Polyangiaceae,Pajaroellobacter,Unassigned,NA
14f4441980b67691ac8f692961410069,Climatic conditions,Current,Bacteria,Positive,5.432719569,1.140276954,0.577155384,1.975684512,0.04819052,Actinobacteriota,Actinobacteria,Micrococcales,Microbacteriaceae,Agromyces,Unassigned,NA
ccb5e499336ef069fdff126d55a16b26,Climatic conditions,Current,Bacteria,Positive,14.54222797,0.853175323,0.433915339,1.966225311,0.04927259,Actinobacteriota,Actinobacteria,Streptomycetales,Streptomycetaceae,Streptomyces,Unassigned,NA
b237d2c72b5932c757ae9d579cae3fae,Climatic conditions,Future,Bacteria,Positive,3.633069707,2.342411571,0.627502377,3.732912663,0.000189278,Patescibacteria,Saccharimonadia,Saccharimonadales,Saccharimonadales,Saccharimonadales,uncultured_bacterium,NA
05bea27fc0930238479537f94e1db2e3,Climatic conditions,Future,Bacteria,Positive,10.20376176,1.693647382,0.464421489,3.646789442,0.000265537,Proteobacteria,Gammaproteobacteria,Xanthomonadales,Xanthomonadaceae,Stenotrophomonas,Unassigned,NA
e6cca374503bfbaa3dfe97d6fc4a4848,Climatic conditions,Future,Bacteria,Positive,6.054822359,2.109001484,0.657177176,3.209182485,0.00133113,Bacteroidota,Bacteroidia,Sphingobacteriales,Sphingobacteriaceae,Sphingobacterium,Unassigned,NA
2802fb533a2ec8dc56986d645fed3af8,Climatic conditions,Future,Bacteria,Positive,3.794577054,2.01541886,0.771685365,2.611710615,0.009009048,Proteobacteria,Alphaproteobacteria,Sphingomonadales,Sphingomonadaceae,Novosphingobium,Unassigned,NA
8ef599893bc2da4b05004549671cc4ab,Climatic conditions,Future,Bacteria,Positive,3.41428313,2.068247914,0.803799231,2.573090186,0.010079494,Bacteroidota,Bacteroidia,Chitinophagales,Chitinophagaceae,Niabella,Niabella_sp.,NA
c1578b27838a0ae5b0c8caa3551ac32c,Climatic conditions,Future,Bacteria,Positive,2.234813643,1.351335894,0.535273589,2.524570467,0.011583978,Chloroflexi,Chloroflexia,Chloroflexales,Herpetosiphonaceae,Herpetosiphon,uncultured_bacterium,NA
ccb5e499336ef069fdff126d55a16b26,Climatic conditions,Future,Bacteria,Positive,20.3190879,0.985074662,0.400060445,2.462314567,0.013804353,Actinobacteriota,Actinobacteria,Streptomycetales,Streptomycetaceae,Streptomyces,Unassigned,NA
eaeaa02a3ec0876f7e99601752e66fbc,Climatic conditions,Future,Bacteria,Negative,36.87635443,-0.57214701,0.243154819,-2.353015298,0.018621868,Actinobacteriota,Actinobacteria,Propionibacteriales,Nocardioidaceae,Marmoricola,Unassigned,NA
6baffdc92fe9a2f61ffce6eaae6a986a,Climatic conditions,Future,Bacteria,Positive,4.743664035,1.457022159,0.64383621,2.263032329,0.023633696,Planctomycetota,Planctomycetes,Planctomycetales,uncultured,uncultured,uncultured_Planctomyces,NA
75e5f94995167c261be9ba54f4cd0b2f,Climatic conditions,Future,Bacteria,Positive,2.15464492,1.887948131,0.844658926,2.235160337,0.025406824,Proteobacteria,Alphaproteobacteria,Rhizobiales,Devosiaceae,Devosia,Unassigned,NA
4a180a7c9268129ccbfa77ed3bf7f21e,Climatic conditions,Future,Bacteria,Positive,4.801149968,1.527531557,0.692051902,2.207249994,0.027296599,Proteobacteria,Alphaproteobacteria,Rhizobiales,Devosiaceae,Devosia,Unassigned,NA
c2a5ac30e8d04178f4b72125f8c4815e,Climatic conditions,Future,Bacteria,Negative,7.720065312,-0.813887361,0.368755273,-2.207120601,0.027305635,Actinobacteriota,Thermoleophilia,Solirubrobacterales,Solirubrobacteraceae,Conexibacter,uncultured_bacterium,NA
c2aab74e136fb634b1af41d20eeb7f8a,Climatic conditions,Future,Bacteria,Positive,2.177492433,1.057227049,0.487680963,2.167866143,0.030168873,Proteobacteria,Alphaproteobacteria,Sphingomonadales,Sphingomonadaceae,Sphingopyxis,Unassigned,NA
c8a4ad9cf8939b0e6c72db014ed0c23c,Climatic conditions,Future,Bacteria,Positive,2.782632942,1.975986119,0.926863751,2.131905705,0.033014599,Actinobacteriota,Actinobacteria,Micromonosporales,Micromonosporaceae,uncultured,Unassigned,NA
ff24dad07b6b6de4f33024019f04e0aa,Climatic conditions,Future,Bacteria,Positive,1.193047299,1.683955997,0.817000531,2.061144313,0.039289274,Bacteroidota,Bacteroidia,Flavobacteriales,Weeksellaceae,Moheibacter,Moheibacter_sediminis,NA
006f5df107628d09063da55ab54b9289,Climatic conditions,Future,Bacteria,Positive,4.960000209,1.33378481,0.650688729,2.049804691,0.040383494,Actinobacteriota,Actinobacteria,Micrococcales,Dermabacteraceae,Brachybacterium,Unassigned,NA
eeb5d633e031e2498966fb77b8bf9268,Climatic conditions,Future,Bacteria,Positive,24.93932293,0.824032921,0.416557918,1.978195314,0.047906677,Proteobacteria,Gammaproteobacteria,Burkholderiales,Oxalobacteraceae,Massilia,Unassigned,NA
34e2332a52f790f72b0855275f0701b1,Climatic conditions,Future,Bacteria,Negative,3.30252319,-1.108721026,0.561833872,-1.97339655,0.0484504,Actinobacteriota,Acidimicrobiia,Microtrichales,uncultured,uncultured,Unassigned,NA
cbc9c4c32b4cb83e040a059f0efbc264,Climatic conditions,Future,Bacteria,Positive,1.941530759,1.965199296,0.997699882,1.969729907,0.048869333,Proteobacteria,Gammaproteobacteria,Pseudomonadales,Pseudomonadaceae,Pseudomonas,Unassigned,NA
40f1401c7c7aacb31770e3e9e849a73d,Climatic conditions,Future,Bacteria,Positive,2.06032197,2.089878244,1.064976682,1.962369956,0.049719428,Proteobacteria,Alphaproteobacteria,Rhizobiales,Rhizobiaceae,Allorhizobium-Neorhizobium-Pararhizobium-Rhizobium,Unassigned,NA
7624628d04c4f31c3f2ff789dfd6211a,Climatic conditions,Current,Fungi,Positive,26.42191954,24.35118409,1.395734976,17.44685382,3.64E-68,Ascomycota,Dothideomycetes,Unassigned,Unassigned,Unassigned,Unassigned,Saprotroph-Symbiotroph
9f2fbed6b8daa0c72370de68be66e8cc,Climatic conditions,Current,Fungi,Negative,44.01197974,-3.549767833,0.688998087,-5.152072118,2.58E-07,Ascomycota,Leotiomycetes,Helotiales,Unassigned,Unassigned,Unassigned,Saprotroph
2ba24d789ee51f701661d37824e19571,Climatic conditions,Current,Fungi,Positive,22.32481391,4.067779629,1.014241307,4.010662554,6.05E-05,Basidiomycota,Agaricomycetes,Agaricales,Mycenaceae,Mycena,Mycena_sp,Pathotroph-Saprotroph
36e197e78fcc86e7a1905ab7d2edc212,Climatic conditions,Current,Fungi,Positive,8.347506986,2.370961877,0.776802988,3.052204887,0.00227167,Ascomycota,Sordariomycetes,Hypocreales,Hypocreales_fam_Incertae_sedis,Sarocladium,Sarocladium_pseudostrictum,Saprotroph-Symbiotroph
84b98333be15fefbb626fae59a4fe5b2,Climatic conditions,Current,Fungi,Negative,23.76715148,-1.51082832,0.503057463,-3.003291736,0.002670763,Ascomycota,Sordariomycetes,Chaetosphaeriales,Chaetosphaeriaceae,Dinemasporium,Dinemasporium_japonicum,Saprotroph
4170bea37e492375ff4077f2cae76498,Climatic conditions,Current,Fungi,Positive,16.17835044,2.586986542,0.879124662,2.942684528,0.003253798,Ascomycota,Dothideomycetes,Pleosporales,Periconiaceae,Periconia,Periconia_verrucosa,Saprotroph
0a9a586c8442c8668e7fbd60e1987501,Climatic conditions,Current,Fungi,Negative,66.54777118,-1.315199286,0.469676395,-2.800224365,0.00510671,Ascomycota,Sordariomycetes,Hypocreales,Nectriaceae,Unassigned,Unassigned,Symbiotroph
37b7c84d4ef16ca42ffd0eddbd42016b,Climatic conditions,Current,Fungi,Positive,9.939986571,1.978202567,0.734646193,2.692728264,0.007087,Ascomycota,Sordariomycetes,Glomerellales,Glomerellaceae,Colletotrichum,Unassigned,Pathotroph-Saprotroph
1f3c9507b793bdeae144af92e119089b,Climatic conditions,Current,Fungi,Positive,29.11076933,3.025034381,1.125963954,2.686617427,0.007217957,Basidiomycota,Agaricomycetes,Agaricales,Agaricales_fam_Incertae_sedis,Agaricales_gen_Incertae_sedis,Agaricales_sp,Pathotroph-Saprotroph
388c5def35d157e58fc63c51f8732e89,Climatic conditions,Current,Fungi,Negative,3.444929635,-1.500305906,0.587858462,-2.552154987,0.010705888,Ascomycota,Dothideomycetes,Pleosporales,Phaeosphaeriaceae,Phaeosphaeria,Phaeosphaeria_sp,Saprotroph
121856559a4e4bd519d34b23ec778caf,Climatic conditions,Current,Fungi,Positive,14.0199748,1.590873376,0.643083484,2.473820919,0.013367669,Ascomycota,Sordariomycetes,Hypocreales,Hypocreales_fam_Incertae_sedis,Fusariella,Fusariella_hughesii,Unassigned
0770b81f6eeada4004f2a3e2b503cb45,Climatic conditions,Current,Fungi,Negative,20.12090161,-1.00565902,0.411202562,-2.445653585,0.014458985,Ascomycota,Dothideomycetes,Pleosporales,Pleosporaceae,Pleosporaceae_gen_Incertae_sedis,Pleosporaceae_sp,Saprotroph
13b55c3cdabf1b3e809c370a7101585e,Climatic conditions,Current,Fungi,Negative,4.027477484,-2.25255874,0.964506414,-2.335452317,0.019519804,Ascomycota,Leotiomycetes,Helotiales,Sclerotiniaceae,Clarireedia,Clarireedia_bennettii,Saprotroph-Symbiotroph
d69fdfbadb69707847af7177b90da56d,Climatic conditions,Current,Fungi,Positive,301.446092,0.754540455,0.328926833,2.293946191,0.02179359,Ascomycota,Eurotiomycetes,Chaetothyriales,Trichomeriaceae,Knufia,Knufia_sp,Pathotroph
4f19c3d68d95021da43e3624a02df340,Climatic conditions,Current,Fungi,Positive,6.707927226,1.666588928,0.741719798,2.246925232,0.024644806,Rozellomycota,Rozellomycota_cls_Incertae_sedis,Rozellomycota_ord_Incertae_sedis,Rozellomycota_fam_Incertae_sedis,Rozellomycota_gen_Incertae_sedis,Rozellomycota_sp,Pathotroph-Saprotroph
8fdec2dda42d01d1cbd865f76a2cc131,Climatic conditions,Current,Fungi,Positive,7.552666707,2.510392077,1.148448697,2.18589832,0.028823045,Ascomycota,Sordariomycetes,Sordariales,Podosporaceae,Podosporaceae_gen_Incertae_sedis,Podosporaceae_sp,Saprotroph
8cea561a360e8b8cf7b69bcdba1c36e8,Climatic conditions,Current,Fungi,Negative,7.837991513,-3.026809162,1.452604068,-2.083712436,0.037186332,Basidiomycota,Agaricomycetes,Agaricales,Mycenaceae,Mycena,Mycena_sp,Saprotroph-Symbiotroph
18d9c75f22fd2f125a80d495296fcbcf,Climatic conditions,Current,Fungi,Negative,4.187344441,-2.484469447,1.195303685,-2.078525715,0.037660965,Ascomycota,Dothideomycetes,Pleosporales,Cucurbitariaceae,Pyrenochaetopsis,Pyrenochaetopsis_leptospora,Saprotroph-Symbiotroph
3f0ced007bd01c3d98a88b019e91ae87,Climatic conditions,Current,Fungi,Negative,8.781838093,-2.289493181,1.102624386,-2.076403544,0.037856644,Ascomycota,Orbiliomycetes,Orbiliales,Orbiliaceae,Unassigned,Unassigned,Saprotroph-Symbiotroph
f982cbfca2ce1c1a2f077fb1001183fb,Climatic conditions,Current,Fungi,Negative,3.511210606,-2.235771706,1.106794694,-2.020041944,0.043379037,Ascomycota,Sordariomycetes,Sordariales,Chaetomiaceae,Chaetomium,Chaetomium_sp,Unassigned
afd6e265cea9648d6c4c120072bf135d,Climatic conditions,Current,Fungi,Negative,21.07034094,-1.33721937,0.664812844,-2.011422284,0.044280872,Ascomycota,Dothideomycetes,Dothideomycetes_ord_Incertae_sedis,Dothideomycetes_fam_Incertae_sedis,Dothideomycetes_gen_Incertae_sedis,Dothideomycetes_sp,Saprotroph
7cf2e7a8f50836b94c0ad75b6524b7c3,Climatic conditions,Current,Fungi,Positive,3.271660589,1.430994541,0.719689806,1.988349049,0.0467731,Ascomycota,Leotiomycetes,Leotiomycetes_ord_Incertae_sedis,Leotiomycetes_fam_Incertae_sedis,Leotiomycetes_gen_Incertae_sedis,Leotiomycetes_sp,Pathotroph
308f9c4a04e6196baa16799657e1f6ab,Climatic conditions,Current,Fungi,Negative,34.87572338,-0.795268636,0.401401102,-1.981231819,0.047565283,Ascomycota,Dothideomycetes,Tubeufiales,Tubeufiaceae,Tubeufiaceae_gen_Incertae_sedis,Tubeufiaceae_sp,Saprotroph-Symbiotroph
d3689dadfa683f42141a0a9ec8a2ef1c,Climatic conditions,Current,Fungi,Negative,5.970305669,-2.869222042,1.452566301,-1.975277852,0.048236625,Basidiomycota,Agaricomycetes,Sebacinales,Serendipitaceae,Serendipitaceae_gen_Incertae_sedis,Serendipitaceae_sp,Pathotroph-Saprotroph-Symbiotroph
0b644216f89660dbc978a1f77db97da9,Climatic conditions,Future,Fungi,Negative,46.35143985,-8.312209333,1.452517873,-5.722621036,1.05E-08,Ascomycota,Sordariomycetes,Hypocreales,Hypocreaceae,Trichoderma,Unassigned,Pathotroph-Saprotroph
13b55c3cdabf1b3e809c370a7101585e,Climatic conditions,Future,Fungi,Positive,21.89848265,6.982736889,1.436592279,4.860625377,1.17E-06,Ascomycota,Leotiomycetes,Helotiales,Sclerotiniaceae,Clarireedia,Clarireedia_bennettii,Saprotroph-Symbiotroph
3bc415e60c057b9ee9ec05beab58bbc9,Climatic conditions,Future,Fungi,Negative,17.55095215,-3.768632032,1.123081281,-3.35561824,0.000791878,Ascomycota,Eurotiomycetes,Eurotiales,Aspergillaceae,Penicillium,Penicillium_sp,Unassigned
eb96aca9b80eee3008367f43681bc806,Climatic conditions,Future,Fungi,Positive,47.7485759,1.72640276,0.522645818,3.303198266,0.000955888,Ascomycota,Ascomycota_cls_Incertae_sedis,Ascomycota_ord_Incertae_sedis,Ascomycota_fam_Incertae_sedis,Ascomycota_gen_Incertae_sedis,Ascomycota_sp,Pathotroph-Saprotroph
388c5def35d157e58fc63c51f8732e89,Climatic conditions,Future,Fungi,Negative,20.86175946,-1.520870498,0.512002232,-2.970437242,0.002973762,Ascomycota,Dothideomycetes,Pleosporales,Phaeosphaeriaceae,Phaeosphaeria,Phaeosphaeria_sp,Saprotroph
fb74cfacad477f5a6e17574aba0366d2,Climatic conditions,Future,Fungi,Positive,23.54372268,2.217898631,0.788957114,2.811177682,0.004936052,Ascomycota,Eurotiomycetes,Chaetothyriales,Chaetothyriales_fam_Incertae_sedis,Chaetothyriales_gen_Incertae_sedis,Chaetothyriales_sp,Pathotroph-Saprotroph
98906e38db8e05a595f3c0efb3021003,Climatic conditions,Future,Fungi,Negative,63.60674143,-1.548069535,0.566258712,-2.73385557,0.00625975,Ascomycota,Eurotiomycetes,Eurotiales,Aspergillaceae,Penicillium,Penicillium_sp,Symbiotroph
b4ed3b780d61506936a4c2f2c997ab8c,Climatic conditions,Future,Fungi,Positive,6.551870343,2.465999522,0.985746655,2.501656495,0.01236138,Ascomycota,Sordariomycetes,Coniochaetales,Coniochaetaceae,Coniochaeta,Coniochaeta_sp,Saprotroph
d1af6280453d7af3784d43dde46c43ba,Climatic conditions,Future,Fungi,Positive,39.41815218,1.127906363,0.452322043,2.493591415,0.012645802,Ascomycota,Ascomycota_cls_Incertae_sedis,Ascomycota_ord_Incertae_sedis,Ascomycota_fam_Incertae_sedis,Ascomycota_gen_Incertae_sedis,Ascomycota_sp,Saprotroph
a316437f0a876479309af26501dabf80,Climatic conditions,Future,Fungi,Negative,16.03006544,-1.62972088,0.692161357,-2.354538957,0.0185457,Ascomycota,Leotiomycetes,Helotiales,Helotiales_fam_Incertae_sedis,Helotiales_gen_Incertae_sedis,Helotiales_sp,Saprotroph
06a22a0e11dac5c945d5ddd5d8777735,Climatic conditions,Future,Fungi,Negative,5.297294055,-2.397824515,1.021401072,-2.347583706,0.018895627,Ascomycota,Sordariomycetes,Sordariales,Sordariales_fam_Incertae_sedis,Sordariales_gen_Incertae_sedis,Sordariales_sp,Pathotroph-Saprotroph-Symbiotroph
50af113cac3803667adab820c383cedb,Climatic conditions,Future,Fungi,Positive,12.85305857,1.877881738,0.806362607,2.328830381,0.019868053,Chytridiomycota,Rhizophydiomycetes,Rhizophydiales,Rhizophydiaceae,Rhizophydiaceae_gen_Incertae_sedis,Rhizophydiaceae_sp,Unassigned
9c4bfb29f14130dcb0f61860d5c3de65,Climatic conditions,Future,Fungi,Positive,46.60518991,1.017542557,0.437197584,2.327420356,0.019942903,Ascomycota,Dothideomycetes,Pleosporales,Pleosporales_fam_Incertae_sedis,Aaosphaeria,Aaosphaeria_arxii,Unassigned
61bd1ecf763916ccc3ddb606e732c0da,Climatic conditions,Future,Fungi,Positive,26.53345762,3.376630498,1.452780886,2.324253114,0.020111932,Ascomycota,Unassigned,Unassigned,Unassigned,Unassigned,Unassigned,Pathotroph-Saprotroph
4aee8dd63a71aaff54510fb9fcd58e83,Climatic conditions,Future,Fungi,Negative,2.485148255,-1.844516383,0.804110052,-2.293860621,0.021798506,Ascomycota,Sordariomycetes,Sordariales,Sordariales_fam_Incertae_sedis,Sordariales_gen_Incertae_sedis,Sordariales_sp,Pathotroph-Saprotroph-Symbiotroph
01cf7dfca3d6f9a7321d32730f18baf8,Climatic conditions,Future,Fungi,Positive,3.214961178,2.106750386,0.921671455,2.285793245,0.022266357,Mortierellomycota,Mortierellomycetes,Mortierellales,Mortierellaceae,Mortierella,Mortierella_sp,Symbiotroph
8f708b3773da36b96662639556f59e71,Climatic conditions,Future,Fungi,Positive,2.68183081,1.847370776,0.821571189,2.248582716,0.024539057,Ascomycota,Unassigned,Unassigned,Unassigned,Unassigned,Unassigned,Pathotroph-Saprotroph-Symbiotroph
5959a73ea6e30301ba3c393ab671e070,Climatic conditions,Future,Fungi,Positive,57.54616375,0.942657922,0.4206755,2.240819637,0.02503776,Ascomycota,Sordariomycetes,Glomerellales,Plectosphaerellaceae,Gibellulopsis,Gibellulopsis_piscis,Saprotroph
8f031b793737cee4bbd9a6d08f7984fd,Climatic conditions,Future,Fungi,Positive,6.403559624,2.302719228,1.050082396,2.19289385,0.028315028,Basidiomycota,Agaricomycetes,Auriculariales,Auriculariales_fam_Incertae_sedis,Auriculariales_gen_Incertae_sedis,Auriculariales_sp,Saprotroph
c00b35fba5a0fc4006205d6130babe7f,Climatic conditions,Future,Fungi,Negative,172.931929,-0.964510508,0.454404813,-2.12257987,0.033789073,Ascomycota,Sordariomycetes,Magnaporthales,Magnaporthaceae,Slopeiomyces,Slopeiomyces_cylindrosporus,Saprotroph-Symbiotroph
66326f79ffcaa57d139994090b75c715,Climatic conditions,Future,Fungi,Positive,10.29874855,0.918160109,0.435243455,2.10953226,0.034898664,Ascomycota,Sordariomycetes,Xylariales,Xylariales_fam_Incertae_sedis,Fusidium,Fusidium_sp,Pathotroph
ffb068ca118fed9e7d4e06f42b0dec08,Climatic conditions,Future,Fungi,Positive,4.895283481,1.966081677,0.932676267,2.108000115,0.035030979,Ascomycota,Sordariomycetes,Hypocreales,Hypocreaceae,Trichoderma,Trichoderma_sp,Pathotroph-Saprotroph-Symbiotroph
33d77749d97f3895e87b18ff0253f2a6,Climatic conditions,Future,Fungi,Positive,3.291474119,2.325672125,1.106733922,2.101383248,0.035607337,Ascomycota,Dothideomycetes,Pleosporales,Unassigned,Unassigned,Unassigned,Saprotroph
f341f42af05530a6a0f68a6751b5af60,Climatic conditions,Future,Fungi,Positive,9.302073096,1.511977963,0.720134433,2.099577375,0.035766035,Ascomycota,Sordariomycetes,Hypocreales,Stachybotryaceae,Unassigned,Unassigned,Pathotroph-Saprotroph
f40e99d4753882fbc5fa5d130f1457e9,Climatic conditions,Future,Fungi,Positive,21.81386869,0.706418612,0.342146202,2.064668872,0.038954342,Ascomycota,Dothideomycetes,Pleosporales,Pyrenochaetopsidaceae,Xenopyrenochaetopsis,Xenopyrenochaetopsis_pratorum,Saprotroph
07e00b2a1e9348791e15bc66f4a403a0,Climatic conditions,Future,Fungi,Negative,6.580066922,-1.459326404,0.713164444,-2.046269154,0.040729897,Ascomycota,Pezizomycotina_cls_Incertae_sedis,Pezizomycotina_ord_Incertae_sedis,Pezizomycotina_fam_Incertae_sedis,Pezizomycotina_gen_Incertae_sedis,Pezizomycotina_sp,Unassigned
dc45d14f092a33805f8aa00b7df5905e,Climatic conditions,Future,Fungi,Positive,4.123723941,2.057492092,1.01815362,2.020807128,0.043299735,Ascomycota,Sordariomycetes,Hypocreales,Hypocreaceae,Trichoderma,Trichoderma_sp,Pathotroph-Saprotroph
c667c7fbc069567b083bd1e1bbf6fca2,Climatic conditions,Future,Fungi,Positive,9.006201439,0.955574424,0.475176005,2.010990482,0.044326462,Ascomycota,Dothideomycetes,Pleosporales,Didymellaceae,Chaetasbolisia,Chaetasbolisia_longiseta,Saprotroph
99b87487ce79aa5b12703d01df0dc4a4,Climatic conditions,Future,Fungi,Positive,138.3178552,0.715119275,0.358949297,1.992257069,0.046342859,Ascomycota,Sordariomycetes,Hypocreales,Stachybotryaceae,Albifimbria,Albifimbria_verrucaria,Unassigned
489611dfba4286a95d43cb49e6c3b15f,Climatic conditions,Future,Fungi,Negative,14.72282207,-1.791536197,0.903470198,-1.982949965,0.047373019,Basidiomycota,Unassigned,Unassigned,Unassigned,Unassigned,Unassigned,Unassigned
8e6eb50c954c079536a05bcd7667d380,Climatic conditions,Future,Fungi,Negative,3.95216513,-1.924860343,0.974704342,-1.974814576,0.048289194,Basidiomycota,Agaricomycetes,Cantharellales,Ceratobasidiaceae,Ceratobasidium,Ceratobasidium_sp,Saprotroph
b237d2c72b5932c757ae9d579cae3fae,Compartment,Root endosphere,Bacteria,Positive,10.563814,1.994871069,0.521044617,3.828599326,0.000128875,Patescibacteria,Saccharimonadia,Saccharimonadales,Saccharimonadales,Saccharimonadales,uncultured_bacterium,NA
eaeaa02a3ec0876f7e99601752e66fbc,Compartment,Root endosphere,Bacteria,Negative,86.59851181,-0.487734722,0.133971239,-3.640592749,0.000272011,Actinobacteriota,Actinobacteria,Propionibacteriales,Nocardioidaceae,Marmoricola,Unassigned,NA
e6cca374503bfbaa3dfe97d6fc4a4848,Compartment,Root endosphere,Bacteria,Positive,8.632671514,2.352998711,0.687539782,3.422345546,0.000620834,Bacteroidota,Bacteroidia,Sphingobacteriales,Sphingobacteriaceae,Sphingobacterium,Unassigned,NA
531fc44741d1bdced3b8595c1cbcacbd,Compartment,Root endosphere,Bacteria,Positive,6.318542896,1.902683446,0.581942179,3.269540364,0.001077224,Proteobacteria,Alphaproteobacteria,Rhizobiales,Rhizobiaceae,Allorhizobium-Neorhizobium-Pararhizobium-Rhizobium,Unassigned,NA
f41cff3b2f4b48d2756200c843d19884,Compartment,Root endosphere,Bacteria,Positive,1.774716683,1.596067139,0.494440129,3.228029128,0.001246463,Acidobacteriota,Holophagae,Subgroup_7,Subgroup_7,Subgroup_7,uncultured_proteobacterium,NA
05bea27fc0930238479537f94e1db2e3,Compartment,Root endosphere,Bacteria,Positive,17.96855658,1.499904669,0.468737649,3.199880944,0.001374844,Proteobacteria,Gammaproteobacteria,Xanthomonadales,Xanthomonadaceae,Stenotrophomonas,Unassigned,NA
67536b6fde95dd328b35d905e279e2c1,Compartment,Root endosphere,Bacteria,Positive,13.38540827,2.73650032,0.860451471,3.180307562,0.001471188,Actinobacteriota,Actinobacteria,Micrococcales,Microbacteriaceae,Microbacterium,Unassigned,NA
b77cbd819bd6057f103c27b0b8784e70,Compartment,Root endosphere,Bacteria,Positive,5.108703484,1.075239893,0.338275087,3.178596163,0.001479901,Proteobacteria,Alphaproteobacteria,Azospirillales,Azospirillaceae,Azospirillum,Unassigned,NA
ccb5e499336ef069fdff126d55a16b26,Compartment,Root endosphere,Bacteria,Positive,28.82243773,1.414735151,0.517016443,2.736344598,0.006212593,Actinobacteriota,Actinobacteria,Streptomycetales,Streptomycetaceae,Streptomyces,Unassigned,NA
7ed07d7000a0de9e1dd5f353b3c7d4f0,Compartment,Root endosphere,Bacteria,Positive,6.399323487,1.815432835,0.665785726,2.726752412,0.006396101,Proteobacteria,Gammaproteobacteria,Burkholderiales,Burkholderiaceae,Burkholderia-Caballeronia-Paraburkholderia,Unassigned,NA
e0bd234253805cdfef801263c4f2dbde,Compartment,Root endosphere,Bacteria,Negative,31.33466115,-0.670997175,0.249102205,-2.693662126,0.007067177,Actinobacteriota,Actinobacteria,Frankiales,Cryptosporangiaceae,Cryptosporangium,Cryptosporangium_sp.,NA
1d0cf3eaca4371059f492349ac08d2ee,Compartment,Root endosphere,Bacteria,Negative,49.51811984,-1.065587071,0.402498633,-2.647430289,0.008110608,Cyanobacteria,Cyanobacteriia,Cyanobacteriales,Phormidiaceae,Tychonema_CCAP_1459-11B,Unassigned,NA
811737b9bdcb9d5a56fc7dc0c023e17a,Compartment,Root endosphere,Bacteria,Positive,5.474583065,1.416030139,0.537203931,2.635926611,0.008390788,Proteobacteria,Alphaproteobacteria,Dongiales,Dongiaceae,Dongia,metagenome,NA
427331af89fe4358165234642f8e5fb2,Compartment,Root endosphere,Bacteria,Positive,18.45228903,1.105331248,0.434657507,2.542993574,0.010990725,Actinobacteriota,Thermoleophilia,Solirubrobacterales,67-14,67-14,metagenome,NA
f326029ef51363706a3b5004039a6827,Compartment,Root endosphere,Bacteria,Negative,23.9749568,-0.540787466,0.21268433,-2.54267659,0.0110007,Actinobacteriota,Actinobacteria,Pseudonocardiales,Pseudonocardiaceae,Actinomycetospora,Unassigned,NA
e524bd5430bd67b1db8dc68b426697c7,Compartment,Root endosphere,Bacteria,Positive,3.493040401,1.765174996,0.695513138,2.537946302,0.011150509,Proteobacteria,Gammaproteobacteria,Burkholderiales,Alcaligenaceae,Achromobacter,Unassigned,NA
aaf8eb423c9a2c2724964ce734be1812,Compartment,Root endosphere,Bacteria,Positive,35.65786139,0.905829385,0.358100944,2.529536434,0.011421332,Actinobacteriota,Thermoleophilia,Solirubrobacterales,67-14,67-14,metagenome,NA
cc353e27116b27df34a6d77d3a627a58,Compartment,Root endosphere,Bacteria,Positive,5.654266457,1.470733112,0.592011336,2.4842989,0.01298068,Proteobacteria,Alphaproteobacteria,Dongiales,Dongiaceae,Dongia,Unassigned,NA
2665caa8d8513909216f4936d0897018,Compartment,Root endosphere,Bacteria,Positive,4.650400593,1.099455938,0.445334801,2.468830049,0.013555558,Proteobacteria,Gammaproteobacteria,Burkholderiales,SC-I-84,SC-I-84,uncultured_Burkholderiales,NA
7a855f2d99db813b14468f4dd18459fd,Compartment,Root endosphere,Bacteria,Positive,24.5701648,0.288679996,0.118346076,2.439286592,0.014716292,Actinobacteriota,Acidimicrobiia,IMCC26256,IMCC26256,IMCC26256,Unassigned,NA
8ef599893bc2da4b05004549671cc4ab,Compartment,Root endosphere,Bacteria,Positive,4.83738177,2.250770751,0.946708377,2.377469984,0.017431862,Bacteroidota,Bacteroidia,Chitinophagales,Chitinophagaceae,Niabella,Niabella_sp.,NA
cd1e9233202840fccfd718f30dd3503c,Compartment,Root endosphere,Bacteria,Negative,18.93897954,-0.549365505,0.232498266,-2.362880008,0.01813354,Actinobacteriota,Thermoleophilia,Solirubrobacterales,Solirubrobacteraceae,Unassigned,Unassigned,NA
6abec5703ce6bfeb5d7ba120394c28b6,Compartment,Root endosphere,Bacteria,Positive,2.182737129,1.281849454,0.544691182,2.353350849,0.01860507,Verrucomicrobiota,Verrucomicrobiae,Chthoniobacterales,Xiphinematobacteraceae,Candidatus_Xiphinematobacter,uncultured_Xiphinematobacteriaceae,NA
ecf928cf7076ef1c61420156969d8328,Compartment,Root endosphere,Bacteria,Negative,57.25879019,-0.628382399,0.26975672,-2.329441129,0.019835708,Actinobacteriota,Actinobacteria,Micromonosporales,Micromonosporaceae,Actinoplanes,Unassigned,NA
0041977bb04d9c432a3946e59b4544b7,Compartment,Root endosphere,Bacteria,Positive,42.86303848,0.821302028,0.35339103,2.324060202,0.020122268,Actinobacteriota,Thermoleophilia,Solirubrobacterales,67-14,67-14,metagenome,NA
ff24dad07b6b6de4f33024019f04e0aa,Compartment,Root endosphere,Bacteria,Positive,1.899177744,1.832998118,0.802918688,2.282918739,0.022435155,Bacteroidota,Bacteroidia,Flavobacteriales,Weeksellaceae,Moheibacter,Moheibacter_sediminis,NA
c1578b27838a0ae5b0c8caa3551ac32c,Compartment,Root endosphere,Bacteria,Positive,4.178091881,1.067818284,0.468143888,2.280961711,0.022550713,Chloroflexi,Chloroflexia,Chloroflexales,Herpetosiphonaceae,Herpetosiphon,uncultured_bacterium,NA
08d412279fd327679f94ab4760fafba7,Compartment,Root endosphere,Bacteria,Negative,3.885912384,-1.899153738,0.850828041,-2.232124056,0.025606765,Actinobacteriota,Actinobacteria,Micromonosporales,Micromonosporaceae,Actinoplanes,Unassigned,NA
4a76f4025b43ea91b43bca9635f1dc98,Compartment,Root endosphere,Bacteria,Positive,2.125026972,1.789814883,0.803213027,2.228319043,0.025859247,Proteobacteria,Alphaproteobacteria,Micropepsales,Micropepsaceae,Micropepsis,uncultured_bacterium,NA
826469ec77fff5d79a8cb10c4aaea533,Compartment,Root endosphere,Bacteria,Positive,0.886746809,1.395117141,0.626692615,2.22615858,0.026003561,Chloroflexi,Anaerolineae,Anaerolineales,Anaerolineaceae,uncultured,Unassigned,NA
4f4b5cfa3c264c8c78282c34a8d40814,Compartment,Root endosphere,Bacteria,Negative,2.471014819,-2.010849481,0.906014544,-2.219445035,0.026456463,Actinobacteriota,Actinobacteria,Micrococcales,Demequinaceae,Demequina,Unassigned,NA
40f1401c7c7aacb31770e3e9e849a73d,Compartment,Root endosphere,Bacteria,Positive,6.024593517,1.797968734,0.815519331,2.20469174,0.027475733,Proteobacteria,Alphaproteobacteria,Rhizobiales,Rhizobiaceae,Allorhizobium-Neorhizobium-Pararhizobium-Rhizobium,Unassigned,NA
ebef2dbe6943959d6281196e45e5fccb,Compartment,Root endosphere,Bacteria,Positive,1.793411054,1.6111822,0.7392531,2.179473039,0.029296545,Proteobacteria,Alphaproteobacteria,Sphingomonadales,Sphingomonadaceae,Sphingopyxis,Unassigned,NA
184725c2b78e7d8052cda20ad18460bc,Compartment,Root endosphere,Bacteria,Positive,1.51526333,1.291782854,0.601904906,2.146157708,0.031860398,Proteobacteria,Gammaproteobacteria,Burkholderiales,Nitrosomonadaceae,MND1,Unassigned,NA
2004b43b49b8e59753db1612af3af5af,Compartment,Root endosphere,Bacteria,Negative,2.280810807,-1.716168635,0.802263683,-2.139157824,0.032422889,Actinobacteriota,Acidimicrobiia,Microtrichales,Ilumatobacteraceae,uncultured,Unassigned,NA
e614eff65a19a96a2c6f1ade555a2eea,Compartment,Root endosphere,Bacteria,Positive,6.328470207,2.334692011,1.107904448,2.107304483,0.035091195,Actinobacteriota,Actinobacteria,Pseudonocardiales,Pseudonocardiaceae,Lechevalieria,Unassigned,NA
801501015c0e5ff39e9dcbdd0d05b335,Compartment,Root endosphere,Bacteria,Positive,3.776278513,2.105049309,1.024190444,2.055329964,0.039847145,Proteobacteria,Alphaproteobacteria,Rhizobiales,Rhizobiaceae,Ochrobactrum,Unassigned,NA
d8ff411567bf99a2579a99d1b37fabd7,Compartment,Root endosphere,Bacteria,Negative,8.730179857,-0.890301343,0.433503395,-2.053735571,0.040001292,Bacteroidota,Bacteroidia,Cytophagales,Microscillaceae,Chryseolinea,uncultured_bacterium,NA
0126c2e63608de8198236143b7c8d1a8,Compartment,Root endosphere,Bacteria,Positive,22.57672414,0.738105084,0.359527464,2.052986651,0.040073872,Actinobacteriota,Actinobacteria,Micrococcales,Micrococcaceae,Paenarthrobacter,Unassigned,NA
5ab1bab8279d8ebc10cc1691530d8a52,Compartment,Root endosphere,Bacteria,Positive,3.295996455,2.397814732,1.170386242,2.048737968,0.040487744,Bacteroidota,Bacteroidia,Chitinophagales,Chitinophagaceae,Chitinophaga,Unassigned,NA
55bf67750c1594553351857b29cd640e,Compartment,Root endosphere,Bacteria,Positive,9.333386243,0.789659408,0.385644712,2.047634475,0.040595829,Firmicutes,Bacilli,Bacillales,Bacillaceae,Bacillus,Unassigned,NA
586cf8efa4f21d98cf1d26fed8631312,Compartment,Root endosphere,Bacteria,Positive,11.18920145,1.434784761,0.705623054,2.033358679,0.042016299,Actinobacteriota,Actinobacteria,Micrococcales,Microbacteriaceae,Agrococcus,Unassigned,NA
68aa1152e6921c724f269ab53a0b754f,Compartment,Root endosphere,Bacteria,Positive,3.556352745,2.308146288,1.137277717,2.029536193,0.042403706,Actinobacteriota,Actinobacteria,Frankiales,Nakamurellaceae,Nakamurella,Unassigned,NA
80e521148fa4d97e5c4f6784c4c241b7,Compartment,Root endosphere,Bacteria,Positive,4.532993321,1.07063703,0.53208174,2.012166456,0.044202393,Proteobacteria,Alphaproteobacteria,Micropepsales,Micropepsaceae,uncultured,Unassigned,NA
eae2ee7cfbac3d6e040e465330b5bef1,Compartment,Root endosphere,Bacteria,Positive,15.40523125,0.595392102,0.297075265,2.004179321,0.045050855,Actinobacteriota,Actinobacteria,Micromonosporales,Micromonosporaceae,Luedemannella,metagenome,NA
31e144c3ddec680384c762bf6bb87730,Compartment,Root endosphere,Bacteria,Positive,2.969169928,2.31858737,1.172434626,1.9775835,0.047975712,Bacteroidota,Bacteroidia,Sphingobacteriales,Sphingobacteriaceae,Pedobacter,Unassigned,NA
fa002b0de517c9a0dd84fbaf9fa8341e,Compartment,Root endosphere,Bacteria,Negative,3.060291418,-2.046435459,1.040459725,-1.966856966,0.049199703,Bacteroidota,Bacteroidia,Chitinophagales,Chitinophagaceae,Chitinophaga,Unassigned,NA
2bb1cdd62c52a975b031c94b5aa8ee6b,Compartment,Root endosphere,Bacteria,Positive,6.824667118,2.133363188,1.085588802,1.965166906,0.049394923,Proteobacteria,Gammaproteobacteria,Burkholderiales,Comamonadaceae,Pseudorhodoferax,Unassigned,NA
eaeaa02a3ec0876f7e99601752e66fbc,Compartment,Rhizosphere,Bacteria,Negative,63.75019506,-0.482634675,0.114180122,-4.226958837,2.37E-05,Actinobacteriota,Actinobacteria,Propionibacteriales,Nocardioidaceae,Marmoricola,Unassigned,NA
7d8769036727bf4baafaa3b00dbfc336,Compartment,Rhizosphere,Bacteria,Negative,7.4482943,-2.270676064,0.632815503,-3.588211811,0.000332954,Actinobacteriota,Thermoleophilia,Solirubrobacterales,Solirubrobacteraceae,Conexibacter,Unassigned,NA
d19b6860ee222472232ecac2bcd8cb2a,Compartment,Rhizosphere,Bacteria,Positive,5.924783559,1.987396539,0.569237658,3.491330044,0.000480622,Verrucomicrobiota,Verrucomicrobiae,Pedosphaerales,Pedosphaeraceae,uncultured,Unassigned,NA
906b2567ddda9890572015419c397fd6,Compartment,Rhizosphere,Bacteria,Positive,3.133266167,1.586924316,0.455600796,3.483146499,0.000495557,Proteobacteria,Gammaproteobacteria,Burkholderiales,Nitrosomonadaceae,mle1-7,Unassigned,NA
34e2332a52f790f72b0855275f0701b1,Compartment,Rhizosphere,Bacteria,Negative,11.49023145,-0.950816893,0.280925706,-3.384584871,0.00071286,Actinobacteriota,Acidimicrobiia,Microtrichales,uncultured,uncultured,Unassigned,NA
184725c2b78e7d8052cda20ad18460bc,Compartment,Rhizosphere,Bacteria,Positive,7.851842307,1.503462332,0.44574396,3.37292811,0.000743734,Proteobacteria,Gammaproteobacteria,Burkholderiales,Nitrosomonadaceae,MND1,Unassigned,NA
05bea27fc0930238479537f94e1db2e3,Compartment,Rhizosphere,Bacteria,Positive,7.089789626,1.594246792,0.488863122,3.261131227,0.001109687,Proteobacteria,Gammaproteobacteria,Xanthomonadales,Xanthomonadaceae,Stenotrophomonas,Unassigned,NA
4d460cda3e19755c839b4a46c2a642d1,Compartment,Rhizosphere,Bacteria,Negative,6.206742168,-1.875964752,0.576643847,-3.253246802,0.001140944,Verrucomicrobiota,Verrucomicrobiae,Opitutales,Opitutaceae,Lacunisphaera,Unassigned,NA
b237d2c72b5932c757ae9d579cae3fae,Compartment,Rhizosphere,Bacteria,Positive,3.532670014,1.869978211,0.580410987,3.22181739,0.001273803,Patescibacteria,Saccharimonadia,Saccharimonadales,Saccharimonadales,Saccharimonadales,uncultured_bacterium,NA
45911903ac8f92b04e22a3ad5ba28503,Compartment,Rhizosphere,Bacteria,Positive,2.623042436,2.114930023,0.671732935,3.148468555,0.001641284,Proteobacteria,Gammaproteobacteria,Xanthomonadales,Rhodanobacteraceae,Rhodanobacter,uncultured_Xanthomonadaceae,NA
a39cab1e59b3a3e08c46d975c964a86b,Compartment,Rhizosphere,Bacteria,Positive,4.861440041,2.075870449,0.664436,3.124259445,0.001782532,Verrucomicrobiota,Verrucomicrobiae,Pedosphaerales,Pedosphaeraceae,uncultured,metagenome,NA
829ee0e126800d181ab4a09065174a4d,Compartment,Rhizosphere,Bacteria,Positive,11.22041073,1.939376045,0.62120811,3.121942575,0.00179662,Proteobacteria,Gammaproteobacteria,Enterobacterales,Enterobacteriaceae,Unassigned,Unassigned,NA
e6cca374503bfbaa3dfe97d6fc4a4848,Compartment,Rhizosphere,Bacteria,Positive,4.676026272,1.95537826,0.638563079,3.062153643,0.002197506,Bacteroidota,Bacteroidia,Sphingobacteriales,Sphingobacteriaceae,Sphingobacterium,Unassigned,NA
9e8715ce2bc3ab225bf5243bc1051796,Compartment,Rhizosphere,Bacteria,Negative,1.813480051,-1.704277137,0.574532797,-2.966370494,0.003013372,Actinobacteriota,Thermoleophilia,Solirubrobacterales,67-14,67-14,Unassigned,NA
206f8c4ad7b0b122a6c684d6fb222a85,Compartment,Rhizosphere,Bacteria,Positive,4.13316177,1.889195904,0.638247171,2.959975367,0.003076636,Proteobacteria,Gammaproteobacteria,Pseudomonadales,Moraxellaceae,Acinetobacter,Unassigned,NA
b28a9b1575c48777cb4b1d40703e63ca,Compartment,Rhizosphere,Bacteria,Positive,2.83501812,2.239892272,0.763643185,2.93316606,0.003355244,Acidobacteriota,Vicinamibacteria,Vicinamibacterales,uncultured,uncultured,metagenome,NA
270df63834fde154cfb9d6b0e84d1886,Compartment,Rhizosphere,Bacteria,Positive,8.862026544,1.093583837,0.3765388,2.904305846,0.003680684,Acidobacteriota,Acidobacteriae,Bryobacterales,Bryobacteraceae,Bryobacter,Unassigned,NA
6baffdc92fe9a2f61ffce6eaae6a986a,Compartment,Rhizosphere,Bacteria,Positive,19.96269208,0.965054004,0.336336363,2.869312123,0.004113656,Planctomycetota,Planctomycetes,Planctomycetales,uncultured,uncultured,uncultured_Planctomyces,NA
ccb5e499336ef069fdff126d55a16b26,Compartment,Rhizosphere,Bacteria,Positive,37.85377204,0.74366607,0.264421356,2.812428168,0.0049169,Actinobacteriota,Actinobacteria,Streptomycetales,Streptomycetaceae,Streptomyces,Unassigned,NA
86bddc995166e544faf915764cbf4c8f,Compartment,Rhizosphere,Bacteria,Positive,3.326193382,2.026889172,0.726905025,2.788382389,0.005297198,Acidobacteriota,Acidobacteriae,Subgroup_2,Subgroup_2,Subgroup_2,uncultured_Acidobacteria,NA
f5818ca485145fe0e2de8d808d811499,Compartment,Rhizosphere,Bacteria,Positive,2.379578093,2.106429016,0.755984902,2.786337413,0.005330735,Proteobacteria,Gammaproteobacteria,Burkholderiales,Nitrosomonadaceae,mle1-7,uncultured_Rhodocyclaceae,NA
490027004544fbba4e6e6421435cf5d8,Compartment,Rhizosphere,Bacteria,Positive,3.491038303,1.957496075,0.729567777,2.683090092,0.007294534,Bacteroidota,Bacteroidia,Chitinophagales,Chitinophagaceae,Edaphobaculum,Unassigned,NA
c1578b27838a0ae5b0c8caa3551ac32c,Compartment,Rhizosphere,Bacteria,Positive,2.018171555,1.501346007,0.581285674,2.582802353,0.009800145,Chloroflexi,Chloroflexia,Chloroflexales,Herpetosiphonaceae,Herpetosiphon,uncultured_bacterium,NA
4054f67f98489eee59ccfd97ae703850,Compartment,Rhizosphere,Bacteria,Positive,3.195601035,1.964035007,0.767575629,2.55875113,0.010504892,Acidobacteriota,Vicinamibacteria,Vicinamibacterales,uncultured,uncultured,Unassigned,NA
493fea380cfbab61f54c0dfbe53f1118,Compartment,Rhizosphere,Bacteria,Negative,2.417548705,-1.522176408,0.598837393,-2.541886037,0.011025612,Chloroflexi,Chloroflexia,Thermomicrobiales,JG30-KF-CM45,JG30-KF-CM45,metagenome,NA
399ca225e893420b9603b78195ce4e2b,Compartment,Rhizosphere,Bacteria,Positive,6.081195298,1.291943046,0.517997785,2.494109212,0.012627369,Acidobacteriota,Vicinamibacteria,Vicinamibacterales,uncultured,uncultured,uncultured_bacterium,NA
b13f198100a8e38ab30f399a8beabc7d,Compartment,Rhizosphere,Bacteria,Positive,4.624234346,2.139632369,0.864175155,2.475924421,0.013289171,Planctomycetota,Planctomycetes,Planctomycetales,uncultured,uncultured,uncultured_Planctomyces,NA
616b0604544ab4de28e9ef2cf417125a,Compartment,Rhizosphere,Bacteria,Negative,45.32274065,-0.831423048,0.337538619,-2.463193843,0.013770544,Actinobacteriota,Actinobacteria,Frankiales,uncultured,uncultured,Unassigned,NA
2b76de743402f7af686fab09dd9fe37d,Compartment,Rhizosphere,Bacteria,Negative,3.696321307,-1.659284061,0.678116226,-2.446902162,0.014408995,Actinobacteriota,Thermoleophilia,Solirubrobacterales,67-14,67-14,metagenome,NA
60b374116a8f26ec78060784bd3c1d7b,Compartment,Rhizosphere,Bacteria,Positive,7.288511854,0.590927261,0.244971151,2.412232043,0.015855187,Planctomycetota,Planctomycetes,Planctomycetales,Rubinisphaeraceae,SH-PL14,metagenome,NA
c704644cd15eaba2a6265b5ff0e15481,Compartment,Rhizosphere,Bacteria,Positive,2.5304106,1.881142573,0.781489359,2.407125001,0.016078665,Bacteroidota,Bacteroidia,Chitinophagales,Chitinophagaceae,Ferruginibacter,Unassigned,NA
0018898cc19e29539009a5b564db5326,Compartment,Rhizosphere,Bacteria,Positive,5.829825427,1.445981674,0.615637596,2.348754663,0.018836313,Acidobacteriota,Vicinamibacteria,Vicinamibacterales,Vicinamibacteraceae,Vicinamibacteraceae,Unassigned,NA
eaa972994a13ed85e6116839cd562582,Compartment,Rhizosphere,Bacteria,Positive,5.225131809,0.838873002,0.362022944,2.31718187,0.020493827,Proteobacteria,Alphaproteobacteria,uncultured,uncultured,uncultured,uncultured_Bradyrhizobiaceae,NA
64f695b432b1b0cd536b1635bb7174c9,Compartment,Rhizosphere,Bacteria,Positive,3.686502934,2.22570041,0.977083666,2.277901561,0.022732443,Proteobacteria,Gammaproteobacteria,Xanthomonadales,Xanthomonadaceae,Lysobacter,Unassigned,NA
5ac66e4453e23727a50e94fe7823ef2c,Compartment,Rhizosphere,Bacteria,Positive,1.722744193,1.86846465,0.820366689,2.277596926,0.022750604,Proteobacteria,Gammaproteobacteria,Burkholderiales,Nitrosomonadaceae,Ellin6067,uncultured_bacterium,NA
43e63bd64f6e7fcd33088297809e0025,Compartment,Rhizosphere,Bacteria,Positive,2.2378365,1.104505809,0.486536432,2.270139986,0.023199091,Acidobacteriota,Acidobacteriae,Bryobacterales,Bryobacteraceae,Bryobacter,metagenome,NA
41f8a5aac40e3e83cc5955dc4f0f7377,Compartment,Rhizosphere,Bacteria,Negative,187.4994957,-0.187004324,0.083581419,-2.237391127,0.025260788,Actinobacteriota,Actinobacteria,Propionibacteriales,Nocardioidaceae,Nocardioides,Unassigned,NA
5c9410789ffb380cff8ef03d2b85a1cf,Compartment,Rhizosphere,Bacteria,Negative,115.8105557,-0.134564648,0.060234505,-2.234012687,0.025482238,Actinobacteriota,Actinobacteria,Frankiales,Nakamurellaceae,Nakamurella,Unassigned,NA
e8555f155ebd2b3e844d81c539864259,Compartment,Rhizosphere,Bacteria,Positive,1.648205112,1.731016817,0.775987278,2.230728346,0.025699129,Planctomycetota,Planctomycetes,Gemmatales,Gemmataceae,uncultured,Planctomycetia_bacterium,NA
abfaa2c2a0c95059b92fc1cfc50205c0,Compartment,Rhizosphere,Bacteria,Positive,1.470746661,1.324736576,0.594468413,2.228438968,0.025851257,Planctomycetota,Planctomycetes,Gemmatales,Gemmataceae,Fimbriiglobus,uncultured_bacterium,NA
61b1d0f150eeb3eaddff8b0ee0d1a898,Compartment,Rhizosphere,Bacteria,Negative,2.499827227,-1.607714901,0.721632672,-2.22788541,0.025888157,Actinobacteriota,Acidimicrobiia,Unassigned,Unassigned,Unassigned,Unassigned,NA
ad2183c3022ba4d418475dac8d3e2ba5,Compartment,Rhizosphere,Bacteria,Positive,2.806751878,1.507095266,0.684699193,2.201105655,0.027728545,Bacteroidota,Bacteroidia,Cytophagales,Spirosomaceae,Dyadobacter,Unassigned,NA
b234ed8ffd443151f875ab5f39d4df90,Compartment,Rhizosphere,Bacteria,Positive,1.696193495,1.830198806,0.837577154,2.185110705,0.028880731,Gemmatimonadota,Gemmatimonadetes,Gemmatimonadales,Gemmatimonadaceae,uncultured,metagenome,NA
c2a964fe10c90fb5ce588de5bdce8310,Compartment,Rhizosphere,Bacteria,Positive,2.632813661,2.106302896,0.969700597,2.172116736,0.029846859,Acidobacteriota,Acidobacteriae,Acidobacteriales,uncultured,uncultured,Unassigned,NA
29849fa6c4f8948fcbe52b45834894c7,Compartment,Rhizosphere,Bacteria,Positive,15.41736977,0.704022341,0.325227483,2.164707406,0.0304101,Proteobacteria,Alphaproteobacteria,Micropepsales,Micropepsaceae,uncultured,Unassigned,NA
85ff143822eab7f38f03235d77a6c249,Compartment,Rhizosphere,Bacteria,Positive,2.071345521,1.448045164,0.669971043,2.161354852,0.030667939,Bacteroidota,Bacteroidia,Cytophagales,Microscillaceae,OLB12,uncultured_bacterium,NA
384f43e96cbd7a37b36343cd16ceb61b,Compartment,Rhizosphere,Bacteria,Positive,2.574635438,1.652997037,0.766941261,2.155311131,0.031137495,Planctomycetota,Planctomycetes,Pirellulales,Pirellulaceae,Pirellula,uncultured_bacterium,NA
544a2fccd4424034ad383f9b5c19da6a,Compartment,Rhizosphere,Bacteria,Positive,2.228349533,1.534867018,0.729493425,2.104017618,0.03537691,Bacteroidota,Bacteroidia,Cytophagales,Microscillaceae,uncultured,Unassigned,NA
ae2e29f664361abb9e4693a7c708714e,Compartment,Rhizosphere,Bacteria,Negative,2.662463728,-1.996565371,0.949508113,-2.102736506,0.035488809,Myxococcota,Polyangia,Haliangiales,Haliangiaceae,Haliangium,Unassigned,NA
2bfbba19b5907275c56b1d5e082cf9bd,Compartment,Rhizosphere,Bacteria,Positive,7.188683022,0.806241474,0.38785256,2.078731863,0.037642003,Acidobacteriota,Acidobacteriae,Acidobacteriales,uncultured,uncultured,Unassigned,NA
c2a5ac30e8d04178f4b72125f8c4815e,Compartment,Rhizosphere,Bacteria,Negative,24.57734293,-0.437686435,0.211119837,-2.073165848,0.038156848,Actinobacteriota,Thermoleophilia,Solirubrobacterales,Solirubrobacteraceae,Conexibacter,uncultured_bacterium,NA
008895874258741b4dd7e3855b1abff0,Compartment,Rhizosphere,Bacteria,Positive,24.6657256,0.536206206,0.259176406,2.068885106,0.03855687,Acidobacteriota,Acidobacteriae,Acidobacteriales,uncultured,uncultured,Unassigned,NA
93ec17b8fcd66b3cfc8046fdb1bbc97c,Compartment,Rhizosphere,Bacteria,Positive,1.394989658,1.561945506,0.757299113,2.062521242,0.039158137,Planctomycetota,Pla4_lineage,Pla4_lineage,Pla4_lineage,Pla4_lineage,Unassigned,NA
c5e68cd1454c607683aa13a21a7cfc85,Compartment,Rhizosphere,Bacteria,Positive,1.352737102,1.485058072,0.72054493,2.06102078,0.039301058,Verrucomicrobiota,Verrucomicrobiae,Pedosphaerales,Pedosphaeraceae,uncultured,metagenome,NA
b6035033c32e02ec04948cf98e836079,Compartment,Rhizosphere,Bacteria,Positive,7.296319396,0.73068631,0.356008373,2.052441361,0.040126788,Proteobacteria,Alphaproteobacteria,Rhizobiales,Labraceae,Labrys,Unassigned,NA
1f58db1507b9c5f4efec8af6e0270be2,Compartment,Rhizosphere,Bacteria,Negative,1.286974658,-1.79678202,0.875863108,-2.051441604,0.040223961,Planctomycetota,Phycisphaerae,Tepidisphaerales,CPla-3_termite_group,CPla-3_termite_group,metagenome,NA
270a408df11f24bdd9abed08302ecffc,Compartment,Rhizosphere,Bacteria,Positive,1.418950283,1.416838341,0.690800484,2.051009478,0.040266024,Myxococcota,Polyangia,Polyangiales,Polyangiaceae,Pajaroellobacter,uncultured_Polyangiaceae,NA
5b1b27ba049076fc05472cb425f2c6a3,Compartment,Rhizosphere,Bacteria,Positive,6.41595294,0.648412789,0.321563141,2.016440029,0.043753983,Proteobacteria,Gammaproteobacteria,JG36-TzT-191,JG36-TzT-191,JG36-TzT-191,uncultured_proteobacterium,NA
0aa415e2ba6a661bead2121028d9370a,Compartment,Rhizosphere,Bacteria,Negative,27.5903132,-0.213701779,0.10610738,-2.01401429,0.044008033,Proteobacteria,Alphaproteobacteria,Rhizobiales,Beijerinckiaceae,Methylobacterium-Methylorubrum,Unassigned,NA
f50de23271accaa71baeef125bf1221b,Compartment,Rhizosphere,Bacteria,Negative,12.52754385,-0.468628922,0.233819057,-2.004237502,0.045044625,Actinobacteriota,Thermoleophilia,Solirubrobacterales,67-14,67-14,uncultured_bacterium,NA
14f4441980b67691ac8f692961410069,Compartment,Rhizosphere,Bacteria,Positive,7.785206679,1.041110437,0.520419173,2.000522831,0.045443837,Actinobacteriota,Actinobacteria,Micrococcales,Microbacteriaceae,Agromyces,Unassigned,NA
826469ec77fff5d79a8cb10c4aaea533,Compartment,Rhizosphere,Bacteria,Positive,4.085337593,0.885107283,0.442626394,1.999671269,0.045535773,Chloroflexi,Anaerolineae,Anaerolineales,Anaerolineaceae,uncultured,Unassigned,NA
b27fcfec859b22d2d58a0376664d88aa,Compartment,Rhizosphere,Bacteria,Positive,3.346849477,1.150502195,0.580708929,1.981202866,0.047568528,Planctomycetota,Planctomycetes,Planctomycetales,uncultured,uncultured,Unassigned,NA
fc3e5e384d469676c904625178a2bb0e,Compartment,Rhizosphere,Bacteria,Positive,1.357520004,1.720250639,0.873601515,1.969147958,0.048936103,Verrucomicrobiota,Verrucomicrobiae,Pedosphaerales,Pedosphaeraceae,Ellin516,metagenome,NA
61bd1ecf763916ccc3ddb606e732c0da,Compartment,Leaf endosphere,Fungi,Positive,15.97769176,3.066375424,1.458160393,2.102906812,0.035473916,Ascomycota,Unassigned,Unassigned,Unassigned,Unassigned,Unassigned,Pathotroph-Saprotroph
3fa5053ef20b84ef77cf13e0ad52ea51,Compartment,Leaf endosphere,Fungi,Positive,23.45865141,2.979682962,1.454783833,2.048196367,0.040540762,Ascomycota,Unassigned,Unassigned,Unassigned,Unassigned,Unassigned,Pathotroph-Saprotroph-Symbiotroph
af0ae921076b9e18e8724755a8773914,Compartment,Root endosphere,Fungi,Positive,30.82923462,24.51378435,1.42254037,17.23239978,1.52E-66,Basidiomycota,Tremellomycetes,Trichosporonales,Trichosporonaceae,Cutaneotrichosporon,Cutaneotrichosporon_middelhovenii,Saprotroph
388c5def35d157e58fc63c51f8732e89,Compartment,Root endosphere,Fungi,Negative,16.58039288,-1.795240257,0.510052314,-3.519717892,0.000432006,Ascomycota,Dothideomycetes,Pleosporales,Phaeosphaeriaceae,Phaeosphaeria,Phaeosphaeria_sp,Saprotroph
ffb4bff20537e6a7d0f24117e6f83b7f,Compartment,Root endosphere,Fungi,Negative,12.62039132,-4.286204385,1.457839864,-2.940106448,0.003280995,Ascomycota,Sordariomycetes,Sordariomycetes_ord_Incertae_sedis,Sordariomycetes_fam_Incertae_sedis,Sordariomycetes_gen_Incertae_sedis,Sordariomycetes_sp,Pathotroph
f79c5331d971188107a86a2454f141b0,Compartment,Root endosphere,Fungi,Positive,88.04600174,1.845018111,0.669648943,2.755202005,0.005865591,Ascomycota,Dothideomycetes,Pleosporales,Melanommataceae,Camposporium,Camposporium_appendiculatum,Saprotroph
fb74cfacad477f5a6e17574aba0366d2,Compartment,Root endosphere,Fungi,Positive,25.07909012,2.221914431,0.833731459,2.665024102,0.007698281,Ascomycota,Eurotiomycetes,Chaetothyriales,Chaetothyriales_fam_Incertae_sedis,Chaetothyriales_gen_Incertae_sedis,Chaetothyriales_sp,Pathotroph-Saprotroph
170b5433ef73662707469378a7a80aa5,Compartment,Root endosphere,Fungi,Negative,38.19858905,-1.37126074,0.519267474,-2.640759935,0.008272031,Ascomycota,Dothideomycetes,Pleosporales,Pleosporales_fam_Incertae_sedis,Pleosporales_gen_Incertae_sedis,Pleosporales_sp,Saprotroph
e979e56919718a35fe604715510438a2,Compartment,Root endosphere,Fungi,Negative,7.242402846,-2.556721831,0.993292689,-2.573986358,0.010053424,Ascomycota,Sordariomycetes,Sordariomycetes_ord_Incertae_sedis,Sordariomycetes_fam_Incertae_sedis,Sordariomycetes_gen_Incertae_sedis,Sordariomycetes_sp,Pathotroph-Saprotroph-Symbiotroph
4f19c3d68d95021da43e3624a02df340,Compartment,Root endosphere,Fungi,Positive,3.693184825,2.244897682,0.892188575,2.516169503,0.011863811,Rozellomycota,Rozellomycota_cls_Incertae_sedis,Rozellomycota_ord_Incertae_sedis,Rozellomycota_fam_Incertae_sedis,Rozellomycota_gen_Incertae_sedis,Rozellomycota_sp,Pathotroph-Saprotroph
7624628d04c4f31c3f2ff789dfd6211a,Compartment,Root endosphere,Fungi,Positive,26.74050905,3.563992349,1.458094251,2.444281189,0.014514109,Ascomycota,Dothideomycetes,Unassigned,Unassigned,Unassigned,Unassigned,Saprotroph-Symbiotroph
70f3d034a2b7c50750f3281690885ba3,Compartment,Root endosphere,Fungi,Positive,41.58111677,1.219851178,0.516773439,2.360514465,0.018249607,Ascomycota,Sordariomycetes,Glomerellales,Plectosphaerellaceae,Gibellulopsis,Gibellulopsis_nigrescens,Saprotroph
34752cd6e43ebc50e7dcf3a6ee83722e,Compartment,Root endosphere,Fungi,Positive,124.0384744,0.667694162,0.288647298,2.313183484,0.020712553,Ascomycota,Sordariomycetes,Glomerellales,Plectosphaerellaceae,Plectosphaerella,Unassigned,Pathotroph-Saprotroph-Symbiotroph
3c603aeb23e5f05c3b1b620a62c795e8,Compartment,Root endosphere,Fungi,Positive,234.3762045,0.5665008,0.260215037,2.177048665,0.029476937,Ascomycota,Sordariomycetes,Hypocreales,Hypocreales_fam_Incertae_sedis,Unassigned,Unassigned,Pathotroph-Saprotroph
66326f79ffcaa57d139994090b75c715,Compartment,Root endosphere,Fungi,Positive,10.19130019,0.983198485,0.470215801,2.090951607,0.036532402,Ascomycota,Sordariomycetes,Xylariales,Xylariales_fam_Incertae_sedis,Fusidium,Fusidium_sp,Pathotroph
440a619a9d4b073a87d889024bc851c8,Compartment,Root endosphere,Fungi,Positive,38.17096077,1.414114819,0.690680333,2.04742303,0.040616567,Ascomycota,Unassigned,Unassigned,Unassigned,Unassigned,Unassigned,Pathotroph-Saprotroph
9f2fbed6b8daa0c72370de68be66e8cc,Compartment,Root endosphere,Fungi,Negative,112.0344354,-1.323349804,0.654309635,-2.022513093,0.043123372,Ascomycota,Leotiomycetes,Helotiales,Unassigned,Unassigned,Unassigned,Saprotroph
b9bc1a3e590b6fb3ee2efc4a07eb2ee7,Compartment,Root endosphere,Fungi,Negative,4.87588068,-1.306224089,0.661958458,-1.973271998,0.048464581,Ascomycota,Leotiomycetes,Helotiales,Hyaloscyphaceae,Rodwayella,Rodwayella_sp,Pathotroph-Saprotroph
8fdec2dda42d01d1cbd865f76a2cc131,Compartment,Rhizosphere,Fungi,Positive,9.152899815,2.849788556,0.863294993,3.301059984,0.000963203,Ascomycota,Sordariomycetes,Sordariales,Podosporaceae,Podosporaceae_gen_Incertae_sedis,Podosporaceae_sp,Saprotroph
3bc415e60c057b9ee9ec05beab58bbc9,Compartment,Rhizosphere,Fungi,Negative,13.30313622,-3.551650924,1.141450399,-3.111524538,0.00186124,Ascomycota,Eurotiomycetes,Eurotiales,Aspergillaceae,Penicillium,Penicillium_sp,Unassigned
4170bea37e492375ff4077f2cae76498,Compartment,Rhizosphere,Fungi,Positive,19.34774898,2.26437216,0.73566403,3.077997657,0.002083966,Ascomycota,Dothideomycetes,Pleosporales,Periconiaceae,Periconia,Periconia_verrucosa,Saprotroph
88debeb3ea6aece36e8a2f527d812507,Compartment,Rhizosphere,Fungi,Positive,8.134642188,3.015623653,0.989401091,3.04792837,0.002304248,Basidiomycota,Tremellomycetes,Trichosporonales,Trichosporonaceae,Unassigned,Unassigned,Unassigned
8f708b3773da36b96662639556f59e71,Compartment,Rhizosphere,Fungi,Positive,4.033262094,1.644309248,0.584396241,2.813688957,0.004897659,Ascomycota,Unassigned,Unassigned,Unassigned,Unassigned,Unassigned,Pathotroph-Saprotroph-Symbiotroph
9c4bfb29f14130dcb0f61860d5c3de65,Compartment,Rhizosphere,Fungi,Positive,88.88312572,0.776869444,0.277575306,2.798770014,0.005129766,Ascomycota,Dothideomycetes,Pleosporales,Pleosporales_fam_Incertae_sedis,Aaosphaeria,Aaosphaeria_arxii,Unassigned
4f19c3d68d95021da43e3624a02df340,Compartment,Rhizosphere,Fungi,Positive,10.35962993,1.930140153,0.695357182,2.775753532,0.005507394,Rozellomycota,Rozellomycota_cls_Incertae_sedis,Rozellomycota_ord_Incertae_sedis,Rozellomycota_fam_Incertae_sedis,Rozellomycota_gen_Incertae_sedis,Rozellomycota_sp,Pathotroph-Saprotroph
7836f9fc736e6e7bb5d43d08026d83a5,Compartment,Rhizosphere,Fungi,Positive,5.494231411,1.753425333,0.637910739,2.748700133,0.00598321,Chytridiomycota,Rhizophydiomycetes,Rhizophydiales,Rhizophydiaceae,Rhizophydiaceae_gen_Incertae_sedis,Rhizophydiaceae_sp,Unassigned
01cf7dfca3d6f9a7321d32730f18baf8,Compartment,Rhizosphere,Fungi,Positive,7.139360006,1.477152059,0.552674335,2.672735038,0.007523565,Mortierellomycota,Mortierellomycetes,Mortierellales,Mortierellaceae,Mortierella,Mortierella_sp,Symbiotroph
96b157c7599f1b27f8812fd416c6c163,Compartment,Rhizosphere,Fungi,Positive,3.732422333,1.530551713,0.579848862,2.639570092,0.008301126,Ascomycota,Sordariomycetes,Hypocreales,Hypocreales_fam_Incertae_sedis,Hypocreales_gen_Incertae_sedis,Hypocreales_sp,Saprotroph-Symbiotroph
66326f79ffcaa57d139994090b75c715,Compartment,Rhizosphere,Fungi,Positive,12.78576775,0.845124013,0.335549754,2.518625039,0.011781404,Ascomycota,Sordariomycetes,Xylariales,Xylariales_fam_Incertae_sedis,Fusidium,Fusidium_sp,Pathotroph
7cf2e7a8f50836b94c0ad75b6524b7c3,Compartment,Rhizosphere,Fungi,Positive,5.033131511,1.487244306,0.608403485,2.444503266,0.014505177,Ascomycota,Leotiomycetes,Leotiomycetes_ord_Incertae_sedis,Leotiomycetes_fam_Incertae_sedis,Leotiomycetes_gen_Incertae_sedis,Leotiomycetes_sp,Pathotroph
308f9c4a04e6196baa16799657e1f6ab,Compartment,Rhizosphere,Fungi,Negative,26.19125843,-0.49277914,0.20571946,-2.395393901,0.016602518,Ascomycota,Dothideomycetes,Tubeufiales,Tubeufiaceae,Tubeufiaceae_gen_Incertae_sedis,Tubeufiaceae_sp,Saprotroph-Symbiotroph
3c641b47bfe10f22c76c2172bff40f4b,Compartment,Rhizosphere,Fungi,Negative,42.80572747,-0.491227182,0.20610877,-2.383339539,0.017156362,Ascomycota,Dothideomycetes,Pleosporales,Didymellaceae,Neoascochyta,Neoascochyta_desmazieri,Saprotroph-Symbiotroph
0770b81f6eeada4004f2a3e2b503cb45,Compartment,Rhizosphere,Fungi,Negative,17.61700279,-1.085377309,0.457503356,-2.372392015,0.017673328,Ascomycota,Dothideomycetes,Pleosporales,Pleosporaceae,Pleosporaceae_gen_Incertae_sedis,Pleosporaceae_sp,Saprotroph
fa40ce97c9d7660438eb60e69a6eaaf7,Compartment,Rhizosphere,Fungi,Negative,6.863496736,-1.461319319,0.619626486,-2.358387436,0.018354525,Basidiomycota,Agaricomycetes,Thelephorales,Thelephoraceae,Tomentella,Tomentella_sp,Unassigned
da131d80e4dc91c8f3d19c8d824dbf90,Compartment,Rhizosphere,Fungi,Negative,11.33235639,-0.92897784,0.396431585,-2.343349708,0.01911146,Ascomycota,Leotiomycetes,Helotiales,Ploettnerulaceae,Cadophora,Cadophora_sp,Unassigned
388c5def35d157e58fc63c51f8732e89,Compartment,Rhizosphere,Fungi,Negative,9.299403415,-1.097132339,0.468292128,-2.34283746,0.019137718,Ascomycota,Dothideomycetes,Pleosporales,Phaeosphaeriaceae,Phaeosphaeria,Phaeosphaeria_sp,Saprotroph
121856559a4e4bd519d34b23ec778caf,Compartment,Rhizosphere,Fungi,Positive,26.17708345,1.207305336,0.516843717,2.335919537,0.019495436,Ascomycota,Sordariomycetes,Hypocreales,Hypocreales_fam_Incertae_sedis,Fusariella,Fusariella_hughesii,Unassigned
e42ce1c1eaa7c785fa50e278c7482bc8,Compartment,Rhizosphere,Fungi,Positive,1.48743539,1.532958208,0.667568193,2.296332005,0.021656905,Fungi_phy_Incertae_sedis,Fungi_cls_Incertae_sedis,Fungi_ord_Incertae_sedis,Fungi_fam_Incertae_sedis,Fungi_gen_Incertae_sedis,Fungi_sp,Unassigned
8f031b793737cee4bbd9a6d08f7984fd,Compartment,Rhizosphere,Fungi,Positive,6.152711166,2.068406842,0.904121277,2.28775375,0.022151866,Basidiomycota,Agaricomycetes,Auriculariales,Auriculariales_fam_Incertae_sedis,Auriculariales_gen_Incertae_sedis,Auriculariales_sp,Saprotroph
f0028f8abdadef7e5e49a266d7f19ad2,Compartment,Rhizosphere,Fungi,Positive,8.321835753,1.039696546,0.462050842,2.250177797,0.024437661,Basidiomycota,Agaricomycetes,Cantharellales,Ceratobasidiaceae,Ceratobasidiaceae_gen_Incertae_sedis,Ceratobasidiaceae_sp,Unassigned
bcd90d6e7928d91f57405df51db8d285,Compartment,Rhizosphere,Fungi,Negative,212.0348972,-0.377184987,0.170766415,-2.208777334,0.027190132,Ascomycota,Eurotiomycetes,Eurotiales,Aspergillaceae,Penicillium,Unassigned,Pathotroph-Saprotroph
36e197e78fcc86e7a1905ab7d2edc212,Compartment,Rhizosphere,Fungi,Positive,9.400600382,1.66187522,0.753526824,2.205462589,0.02742165,Ascomycota,Sordariomycetes,Hypocreales,Hypocreales_fam_Incertae_sedis,Sarocladium,Sarocladium_pseudostrictum,Saprotroph-Symbiotroph
b2b7701845a492ff664ea2200d6230b7,Compartment,Rhizosphere,Fungi,Negative,56.28513188,-1.283441938,0.584353288,-2.196345882,0.028067196,Ascomycota,Leotiomycetes,Phacidiales,Phacidiaceae,Gremmenia,Gremmenia_infestans,Unassigned
fe6230b4322369edcf9f08229c663c62,Compartment,Rhizosphere,Fungi,Positive,2.996671752,0.961198001,0.46188703,2.081024014,0.037431708,Ascomycota,Dothideomycetes,Pleosporales,Pleosporales_fam_Incertae_sedis,Pleosporales_gen_Incertae_sedis,Pleosporales_sp,Saprotroph
a66111b7be66dcd6d4d4ee82cd6f9473,Compartment,Rhizosphere,Fungi,Negative,16.79151159,-0.946883225,0.458702903,-2.064262553,0.038992829,Ascomycota,Leotiomycetes,Helotiales,Unassigned,Unassigned,Unassigned,Pathotroph-Saprotroph-Symbiotroph
affc0087783e6bfe1391b7499c7b2be2,Compartment,Rhizosphere,Fungi,Positive,11.06469972,1.383441659,0.673343315,2.054585867,0.039919022,Ascomycota,Orbiliomycetes,Orbiliales,Orbiliales_fam_Incertae_sedis,Orbiliales_gen_Incertae_sedis,Orbiliales_sp,Unassigned
37b7c84d4ef16ca42ffd0eddbd42016b,Compartment,Rhizosphere,Fungi,Positive,10.39586451,1.105886034,0.543970123,2.032990394,0.042053494,Ascomycota,Sordariomycetes,Glomerellales,Glomerellaceae,Colletotrichum,Unassigned,Pathotroph-Saprotroph
dbecfe20f58bda4aa0b2e1bb7997206b,Compartment,Rhizosphere,Fungi,Negative,4.769063947,-2.935738748,1.457355168,-2.014429161,0.043964495,Ascomycota,Sordariomycetes,Sordariomycetes_ord_Incertae_sedis,Sordariomycetes_fam_Incertae_sedis,Sordariomycetes_gen_Incertae_sedis,Sordariomycetes_sp,Saprotroph
cf542294213700b8d68f3c65ab439b8e,Compartment,Rhizosphere,Fungi,Positive,5.703199147,1.730191176,0.867448626,1.994574808,0.046089273,Basidiomycota,Cystobasidiomycetes,Sakaguchiales,Sakaguchiaceae,Sakaguchia,Sakaguchia_sp,Unassigned
620e5e3411a3329b7c79418ec496d3a0,Compartment,Rhizosphere,Fungi,Negative,1.491239176,-1.306377032,0.655003281,-1.994458761,0.046101942,Ascomycota,Dothideomycetes,Pleosporales,Phaeosphaeriaceae,Sclerostagonospora,Sclerostagonospora_sp,Saprotroph
156f3a90502cacac98932996734fefdc,Compartment,Rhizosphere,Fungi,Negative,14.69532126,-1.039973059,0.523690855,-1.985853006,0.047049648,Chytridiomycota,Rhizophlyctidomycetes,Rhizophlyctidales,Rhizophlyctidaceae,Rhizophlyctis,Rhizophlyctis_rosea,Unassigned