"Domain","RankLevel","MoistureLevel","Compartment","Species","Climate","Taxon","mean_RA","se_RA"
"Fungi","Order","M1","Leaf","Festuca","Current","Pleosporales",0.882369859073914,0.882369859073914
"Fungi","Order","M1","Leaf","Festuca","Current","Other",0.117630140926086,0.0562504164614783
"Fungi","Order","M1","Leaf","Festuca","Current","Capnodiales",0,0
"Fungi","Order","M1","Leaf","Festuca","Current","Chaetothyriales",0,0
"Fungi","Order","M1","Leaf","Festuca","Current","Helotiales",0,0
"Fungi","Order","M1","Leaf","Festuca","Current","Hypocreales",0,0
"Fungi","Order","M1","Leaf","Festuca","Future","Pleosporales",0.665726375176306,0.665726375176306
"Fungi","Order","M1","Leaf","Festuca","Future","Other",0.334273624823694,0.135602972147018
"Fungi","Order","M1","Leaf","Festuca","Future","Capnodiales",0,0
"Fungi","Order","M1","Leaf","Festuca","Future","Chaetothyriales",0,0
"Fungi","Order","M1","Leaf","Festuca","Future","Helotiales",0,0
"Fungi","Order","M1","Leaf","Festuca","Future","Hypocreales",0,0
"Fungi","Order","M1","Leaf","Lolium","Current","Pleosporales",0.617497250646512,0.265294398715113
"Fungi","Order","M1","Leaf","Lolium","Current","Hypocreales",0.26597121510764,0.234673578778724
"Fungi","Order","M1","Leaf","Lolium","Current","Other",0.0858035692259414,0.0387184870802338
"Fungi","Order","M1","Leaf","Lolium","Current","Chaetothyriales",0.0307279650199075,0.0194909763118541
"Fungi","Order","M1","Leaf","Lolium","Current","Capnodiales",0,0
"Fungi","Order","M1","Leaf","Lolium","Current","Helotiales",0,0
"Fungi","Order","M1","Leaf","Lolium","Future","Other",1,0.495157084505834
"Fungi","Order","M1","Leaf","Lolium","Future","Capnodiales",0,0
"Fungi","Order","M1","Leaf","Lolium","Future","Chaetothyriales",0,0
"Fungi","Order","M1","Leaf","Lolium","Future","Helotiales",0,0
"Fungi","Order","M1","Leaf","Lolium","Future","Hypocreales",0,0
"Fungi","Order","M1","Leaf","Lolium","Future","Pleosporales",0,0
"Fungi","Order","M1","Root","Festuca","Current","Helotiales",0.36308058176839,0.0608221896499663
"Fungi","Order","M1","Root","Festuca","Current","Pleosporales",0.344900708158017,0.0660599154165937
"Fungi","Order","M1","Root","Festuca","Current","Hypocreales",0.12695476902879,0.0254367258279949
"Fungi","Order","M1","Root","Festuca","Current","Capnodiales",0.120877016704028,0.0290164946078056
"Fungi","Order","M1","Root","Festuca","Current","Chaetothyriales",0.0366019045899785,0.0113101454808704
"Fungi","Order","M1","Root","Festuca","Current","Other",0.00758501975079756,0.002045030421169
"Fungi","Order","M1","Root","Festuca","Future","Helotiales",0.317549915379986,0.109237956119667
"Fungi","Order","M1","Root","Festuca","Future","Pleosporales",0.260900221615545,0.027756803225602
"Fungi","Order","M1","Root","Festuca","Future","Hypocreales",0.158245679410704,0.0482995955234736
"Fungi","Order","M1","Root","Festuca","Future","Chaetothyriales",0.142858470490008,0.022378455740533
"Fungi","Order","M1","Root","Festuca","Future","Capnodiales",0.11488751446852,0.0391727616144458
"Fungi","Order","M1","Root","Festuca","Future","Other",0.00555819863523716,0.00147065947233277
"Fungi","Order","M1","Root","Lolium","Current","Helotiales",0.505160833900065,0.109211354814781
"Fungi","Order","M1","Root","Lolium","Current","Pleosporales",0.311697151732031,0.0645071283222538
"Fungi","Order","M1","Root","Lolium","Current","Hypocreales",0.0847826774419323,0.0174887070386334
"Fungi","Order","M1","Root","Lolium","Current","Capnodiales",0.0790540196791529,0.0496019676496189
"Fungi","Order","M1","Root","Lolium","Current","Chaetothyriales",0.0161786282230178,0.00593810026582798
"Fungi","Order","M1","Root","Lolium","Current","Other",0.00312668902380104,0.000734766571536345
"Fungi","Order","M1","Root","Lolium","Future","Helotiales",0.463746966272991,0.0636999014051567
"Fungi","Order","M1","Root","Lolium","Future","Pleosporales",0.164583826671779,0.0502077864906335
"Fungi","Order","M1","Root","Lolium","Future","Chaetothyriales",0.161062203445382,0.0219836304234276
"Fungi","Order","M1","Root","Lolium","Future","Hypocreales",0.124970974380526,0.0349797780333995
"Fungi","Order","M1","Root","Lolium","Future","Capnodiales",0.0832129092544193,0.0446286431986375
"Fungi","Order","M1","Root","Lolium","Future","Other",0.00242311997490204,0.000581249488852293
"Fungi","Order","M1","Soil","Festuca","Current","Hypocreales",0.484698231866431,0.0870840411637823
"Fungi","Order","M1","Soil","Festuca","Current","Pleosporales",0.220511183723086,0.0426153923499046
"Fungi","Order","M1","Soil","Festuca","Current","Capnodiales",0.146976201818526,0.0187670797608621
"Fungi","Order","M1","Soil","Festuca","Current","Chaetothyriales",0.0945309724735067,0.0464729491353345
"Fungi","Order","M1","Soil","Festuca","Current","Helotiales",0.0448751272082888,0.0195505635375403
"Fungi","Order","M1","Soil","Festuca","Current","Other",0.00840828291016083,0.00195660632555595
"Fungi","Order","M1","Soil","Festuca","Future","Hypocreales",0.518286855349531,0.0299327886386632
"Fungi","Order","M1","Soil","Festuca","Future","Pleosporales",0.2101036323119,0.0437080610864936
"Fungi","Order","M1","Soil","Festuca","Future","Capnodiales",0.147823212639337,0.0176000408799308
"Fungi","Order","M1","Soil","Festuca","Future","Chaetothyriales",0.0801080304840058,0.0280875316544963
"Fungi","Order","M1","Soil","Festuca","Future","Helotiales",0.0391053348316142,0.0119212313523788
"Fungi","Order","M1","Soil","Festuca","Future","Other",0.00457293438361117,0.000761989859523684
"Fungi","Order","M1","Soil","Lolium","Current","Hypocreales",0.361338713828562,0.0532048642545034
"Fungi","Order","M1","Soil","Lolium","Current","Capnodiales",0.242199852748351,0.0656352953751706
"Fungi","Order","M1","Soil","Lolium","Current","Pleosporales",0.217432207522536,0.0116190190585224
"Fungi","Order","M1","Soil","Lolium","Current","Helotiales",0.122484068527743,0.0108146918851941
"Fungi","Order","M1","Soil","Lolium","Current","Chaetothyriales",0.0508713225937214,0.0172667231364715
"Fungi","Order","M1","Soil","Lolium","Current","Other",0.00567383477908705,0.000861407815077781
"Fungi","Order","M1","Soil","Lolium","Future","Hypocreales",0.406691102669898,0.0725033943597519
"Fungi","Order","M1","Soil","Lolium","Future","Capnodiales",0.243184866920426,0.0306237125799312
"Fungi","Order","M1","Soil","Lolium","Future","Pleosporales",0.208494064493889,0.0499737417132171
"Fungi","Order","M1","Soil","Lolium","Future","Chaetothyriales",0.0773356684895456,0.0257329902107986
"Fungi","Order","M1","Soil","Lolium","Future","Helotiales",0.0584259973496768,0.0154475230244441
"Fungi","Order","M1","Soil","Lolium","Future","Other",0.00586830007656523,0.00161823433048269
"Fungi","Order","M2","Leaf","Festuca","Current","Pleosporales",0.836724500461808,0.493343858253073
"Fungi","Order","M2","Leaf","Festuca","Current","Hypocreales",0.137178128290782,0.137178128290782
"Fungi","Order","M2","Leaf","Festuca","Current","Other",0.02609737124741,0.0118674012162119
"Fungi","Order","M2","Leaf","Festuca","Current","Capnodiales",0,0
"Fungi","Order","M2","Leaf","Festuca","Current","Chaetothyriales",0,0
"Fungi","Order","M2","Leaf","Festuca","Current","Helotiales",0,0
"Fungi","Order","M2","Leaf","Festuca","Future","Other",1,0.418393200616928
"Fungi","Order","M2","Leaf","Festuca","Future","Capnodiales",0,0
"Fungi","Order","M2","Leaf","Festuca","Future","Chaetothyriales",0,0
"Fungi","Order","M2","Leaf","Festuca","Future","Helotiales",0,0
"Fungi","Order","M2","Leaf","Festuca","Future","Hypocreales",0,0
"Fungi","Order","M2","Leaf","Festuca","Future","Pleosporales",0,0
"Fungi","Order","M2","Leaf","Lolium","Current","Other",1,0.494641929153676
"Fungi","Order","M2","Leaf","Lolium","Current","Capnodiales",0,0
"Fungi","Order","M2","Leaf","Lolium","Current","Chaetothyriales",0,0
"Fungi","Order","M2","Leaf","Lolium","Current","Helotiales",0,0
"Fungi","Order","M2","Leaf","Lolium","Current","Hypocreales",0,0
"Fungi","Order","M2","Leaf","Lolium","Current","Pleosporales",0,0
"Fungi","Order","M2","Leaf","Lolium","Future","Other",0.963613937711995,0.479270985421719
"Fungi","Order","M2","Leaf","Lolium","Future","Pleosporales",0.0363860622880048,0.0363860622880048
"Fungi","Order","M2","Leaf","Lolium","Future","Capnodiales",0,0
"Fungi","Order","M2","Leaf","Lolium","Future","Chaetothyriales",0,0
"Fungi","Order","M2","Leaf","Lolium","Future","Helotiales",0,0
"Fungi","Order","M2","Leaf","Lolium","Future","Hypocreales",0,0
"Fungi","Order","M2","Root","Festuca","Current","Pleosporales",0.353273594120534,0.0762058676647918
"Fungi","Order","M2","Root","Festuca","Current","Helotiales",0.30864930766834,0.109677762417057
"Fungi","Order","M2","Root","Festuca","Current","Hypocreales",0.157116405853516,0.0405801260631056
"Fungi","Order","M2","Root","Festuca","Current","Capnodiales",0.106097076959524,0.022301400368566
"Fungi","Order","M2","Root","Festuca","Current","Chaetothyriales",0.0675963782624647,0.0106120841332564
"Fungi","Order","M2","Root","Festuca","Current","Other",0.00726723713562054,0.00184824388675079
"Fungi","Order","M2","Root","Festuca","Future","Pleosporales",0.378526732162371,0.069099469306832
"Fungi","Order","M2","Root","Festuca","Future","Helotiales",0.188458724275165,0.052153157178685
"Fungi","Order","M2","Root","Festuca","Future","Hypocreales",0.174409579662253,0.0361518708229668
"Fungi","Order","M2","Root","Festuca","Future","Capnodiales",0.172200082406014,0.0204516314310625
"Fungi","Order","M2","Root","Festuca","Future","Chaetothyriales",0.0805929335203559,0.0238968141934731
"Fungi","Order","M2","Root","Festuca","Future","Other",0.00581194797384138,0.00120704317826073
"Fungi","Order","M2","Root","Lolium","Current","Helotiales",0.455177415818526,0.0421604395025947
"Fungi","Order","M2","Root","Lolium","Current","Pleosporales",0.166707704961501,0.03093344486126
"Fungi","Order","M2","Root","Lolium","Current","Capnodiales",0.134572695648069,0.054727087738945
"Fungi","Order","M2","Root","Lolium","Current","Chaetothyriales",0.124671194138171,0.0157356433704584
"Fungi","Order","M2","Root","Lolium","Current","Hypocreales",0.114644008054751,0.0256483953518505
"Fungi","Order","M2","Root","Lolium","Current","Other",0.00422698137898228,0.000853646720740794
"Fungi","Order","M2","Root","Lolium","Future","Helotiales",0.330657682583821,0.081611178120803
"Fungi","Order","M2","Root","Lolium","Future","Hypocreales",0.257836792530461,0.080969916852383
"Fungi","Order","M2","Root","Lolium","Future","Pleosporales",0.207411127490821,0.0183832722081509
"Fungi","Order","M2","Root","Lolium","Future","Chaetothyriales",0.110558939490698,0.0579887556544701
"Fungi","Order","M2","Root","Lolium","Future","Capnodiales",0.0884528972928695,0.0607607903772039
"Fungi","Order","M2","Root","Lolium","Future","Other",0.0050825606113287,0.00138547596801295
"Fungi","Order","M2","Soil","Festuca","Current","Hypocreales",0.406504637022806,0.0237690433601653
"Fungi","Order","M2","Soil","Festuca","Current","Pleosporales",0.276620114482435,0.0596359519585497
"Fungi","Order","M2","Soil","Festuca","Current","Capnodiales",0.191384384130332,0.0420263071800045
"Fungi","Order","M2","Soil","Festuca","Current","Helotiales",0.0674893548498524,0.00903178893074603
"Fungi","Order","M2","Soil","Festuca","Current","Chaetothyriales",0.0524367389335086,0.00602458206989391
"Fungi","Order","M2","Soil","Festuca","Current","Other",0.00556477058106604,0.000964948773847741
"Fungi","Order","M2","Soil","Festuca","Future","Hypocreales",0.442436869012748,0.017492561955157
"Fungi","Order","M2","Soil","Festuca","Future","Capnodiales",0.234718104629883,0.069346233421524
"Fungi","Order","M2","Soil","Festuca","Future","Pleosporales",0.186113293870289,0.0351993128360774
"Fungi","Order","M2","Soil","Festuca","Future","Chaetothyriales",0.0912334235384073,0.0414729103000388
"Fungi","Order","M2","Soil","Festuca","Future","Helotiales",0.0386397641868818,0.0109661250000532
"Fungi","Order","M2","Soil","Festuca","Future","Other",0.0068585447617902,0.00135864411298825
"Fungi","Order","M2","Soil","Lolium","Current","Hypocreales",0.337214087401337,0.085174030829698
"Fungi","Order","M2","Soil","Lolium","Current","Capnodiales",0.232545816034761,0.0527977558988878
"Fungi","Order","M2","Soil","Lolium","Current","Pleosporales",0.226262338562823,0.0316674446816829
"Fungi","Order","M2","Soil","Lolium","Current","Helotiales",0.112273852164501,0.0406195583076499
"Fungi","Order","M2","Soil","Lolium","Current","Chaetothyriales",0.0868835878981675,0.040228950165493
"Fungi","Order","M2","Soil","Lolium","Current","Other",0.00482031793841086,0.00070602516099566
"Fungi","Order","M2","Soil","Lolium","Future","Hypocreales",0.430293704504973,0.0337808181675517
"Fungi","Order","M2","Soil","Lolium","Future","Capnodiales",0.251209148942507,0.0762459190873351
"Fungi","Order","M2","Soil","Lolium","Future","Pleosporales",0.167303403577985,0.00943679229895733
"Fungi","Order","M2","Soil","Lolium","Future","Chaetothyriales",0.0815244392353476,0.0454481547126599
"Fungi","Order","M2","Soil","Lolium","Future","Helotiales",0.0638069496440497,0.00557000754963221
"Fungi","Order","M2","Soil","Lolium","Future","Other",0.00586235409513769,0.00127412391045747
"Fungi","Order","M3","Leaf","Festuca","Current","Pleosporales",0.806470505140705,0.667033164680574
"Fungi","Order","M3","Leaf","Festuca","Current","Hypocreales",0.114438290893212,0.114438290893212
"Fungi","Order","M3","Leaf","Festuca","Current","Other",0.0790912039660835,0.0331008620651191
"Fungi","Order","M3","Leaf","Festuca","Current","Capnodiales",0,0
"Fungi","Order","M3","Leaf","Festuca","Current","Chaetothyriales",0,0
"Fungi","Order","M3","Leaf","Festuca","Current","Helotiales",0,0
"Fungi","Order","M3","Leaf","Festuca","Future","Pleosporales",0.769741429449963,0.636982608650267
"Fungi","Order","M3","Leaf","Festuca","Future","Hypocreales",0.208417857316377,0.208417857316377
"Fungi","Order","M3","Leaf","Festuca","Future","Other",0.0218407132336599,0.010458314112034
"Fungi","Order","M3","Leaf","Festuca","Future","Capnodiales",0,0
"Fungi","Order","M3","Leaf","Festuca","Future","Chaetothyriales",0,0
"Fungi","Order","M3","Leaf","Festuca","Future","Helotiales",0,0
"Fungi","Order","M3","Leaf","Lolium","Current","Pleosporales",0.888238429962777,0.843700009204697
"Fungi","Order","M3","Leaf","Lolium","Current","Other",0.0983770023405306,0.0470043883036183
"Fungi","Order","M3","Leaf","Lolium","Current","Hypocreales",0.0133845676966928,0.0133845676966928
"Fungi","Order","M3","Leaf","Lolium","Current","Capnodiales",0,0
"Fungi","Order","M3","Leaf","Lolium","Current","Chaetothyriales",0,0
"Fungi","Order","M3","Leaf","Lolium","Current","Helotiales",0,0
"Fungi","Order","M3","Leaf","Lolium","Future","Other",1,0.468812642363097
"Fungi","Order","M3","Leaf","Lolium","Future","Capnodiales",0,0
"Fungi","Order","M3","Leaf","Lolium","Future","Chaetothyriales",0,0
"Fungi","Order","M3","Leaf","Lolium","Future","Helotiales",0,0
"Fungi","Order","M3","Leaf","Lolium","Future","Hypocreales",0,0
"Fungi","Order","M3","Leaf","Lolium","Future","Pleosporales",0,0
"Fungi","Order","M3","Root","Festuca","Current","Pleosporales",0.372667771381092,0.145076457657655
"Fungi","Order","M3","Root","Festuca","Current","Helotiales",0.33558873520721,0.0382020021649237
"Fungi","Order","M3","Root","Festuca","Current","Chaetothyriales",0.113875993935169,0.0369402745567775
"Fungi","Order","M3","Root","Festuca","Current","Hypocreales",0.101650452459897,0.0382274598466044
"Fungi","Order","M3","Root","Festuca","Current","Capnodiales",0.0662374554919948,0.016699895790476
"Fungi","Order","M3","Root","Festuca","Current","Other",0.00997959152463736,0.00193162634381899
"Fungi","Order","M3","Root","Festuca","Future","Pleosporales",0.405778419632079,0.0860711729667598
"Fungi","Order","M3","Root","Festuca","Future","Helotiales",0.267082856709674,0.0709861063253573
"Fungi","Order","M3","Root","Festuca","Future","Hypocreales",0.111249364061209,0.0129955643898174
"Fungi","Order","M3","Root","Festuca","Future","Capnodiales",0.107368024880136,0.0420120351238251
"Fungi","Order","M3","Root","Festuca","Future","Chaetothyriales",0.103049273573775,0.0436409506603967
"Fungi","Order","M3","Root","Festuca","Future","Other",0.00547206114312677,0.00132590536853665
"Fungi","Order","M3","Root","Lolium","Current","Helotiales",0.64046804915256,0.147734612992579
"Fungi","Order","M3","Root","Lolium","Current","Pleosporales",0.143932534775345,0.044949611950703
"Fungi","Order","M3","Root","Lolium","Current","Hypocreales",0.0827260224382464,0.0120447223959951
"Fungi","Order","M3","Root","Lolium","Current","Capnodiales",0.0692062094741126,0.0456069833716849
"Fungi","Order","M3","Root","Lolium","Current","Chaetothyriales",0.0605031641364124,0.0181908816025411
"Fungi","Order","M3","Root","Lolium","Current","Other",0.00316402002332351,0.000876216389126998
"Fungi","Order","M3","Root","Lolium","Future","Pleosporales",0.364034103002575,0.11681383407277
"Fungi","Order","M3","Root","Lolium","Future","Helotiales",0.344431146055668,0.115898800345467
"Fungi","Order","M3","Root","Lolium","Future","Hypocreales",0.192219973313134,0.0423706765470828
"Fungi","Order","M3","Root","Lolium","Future","Capnodiales",0.0461904996928328,0.0354841589418995
"Fungi","Order","M3","Root","Lolium","Future","Chaetothyriales",0.0451155414068994,0.0175866771651501
"Fungi","Order","M3","Root","Lolium","Future","Other",0.00800873652889084,0.00214817590484163
"Fungi","Order","M3","Soil","Festuca","Current","Hypocreales",0.357800752628409,0.0251085663003935
"Fungi","Order","M3","Soil","Festuca","Current","Pleosporales",0.316603157784031,0.0479796680402813
"Fungi","Order","M3","Soil","Festuca","Current","Capnodiales",0.13680820675384,0.0128870241497745
"Fungi","Order","M3","Soil","Festuca","Current","Helotiales",0.091518128665325,0.0204972283165401
"Fungi","Order","M3","Soil","Festuca","Current","Chaetothyriales",0.0874342125908187,0.0217258607681748
"Fungi","Order","M3","Soil","Festuca","Current","Other",0.00983554157757702,0.00126945341274714
"Fungi","Order","M3","Soil","Festuca","Future","Hypocreales",0.396661340828984,0.0921821683438816
"Fungi","Order","M3","Soil","Festuca","Future","Pleosporales",0.265929109187703,0.0327967129437739
"Fungi","Order","M3","Soil","Festuca","Future","Capnodiales",0.191188886065157,0.0617843346809107
"Fungi","Order","M3","Soil","Festuca","Future","Chaetothyriales",0.0787526981168227,0.034418511029986
"Fungi","Order","M3","Soil","Festuca","Future","Helotiales",0.0615633124944428,0.023735091112097
"Fungi","Order","M3","Soil","Festuca","Future","Other",0.00590465330689135,0.00131734816568171
"Fungi","Order","M3","Soil","Lolium","Current","Hypocreales",0.409087270309038,0.0351841765780852
"Fungi","Order","M3","Soil","Lolium","Current","Capnodiales",0.237462680791634,0.0527131874933444
"Fungi","Order","M3","Soil","Lolium","Current","Pleosporales",0.210433873967231,0.0296158112339704
"Fungi","Order","M3","Soil","Lolium","Current","Helotiales",0.0802435198385074,0.024026481001017
"Fungi","Order","M3","Soil","Lolium","Current","Chaetothyriales",0.05762044267192,0.0168893902092181
"Fungi","Order","M3","Soil","Lolium","Current","Other",0.00515221242166925,0.00079435636104955
"Fungi","Order","M3","Soil","Lolium","Future","Hypocreales",0.527786402465093,0.0615706661097955
"Fungi","Order","M3","Soil","Lolium","Future","Capnodiales",0.216027870475744,0.087641093091856
"Fungi","Order","M3","Soil","Lolium","Future","Pleosporales",0.191878125475076,0.06031384424662
"Fungi","Order","M3","Soil","Lolium","Future","Helotiales",0.0347586533645582,0.00378072098719728
"Fungi","Order","M3","Soil","Lolium","Future","Chaetothyriales",0.0238867125065556,0.00683109520126988
"Fungi","Order","M3","Soil","Lolium","Future","Other",0.00566223571297291,0.000970187104494132
"Fungi","Order","M4","Leaf","Festuca","Current","Pleosporales",0.938801621921658,0.766116111104197
"Fungi","Order","M4","Leaf","Festuca","Current","Other",0.0611983780783425,0.0232137920573525
"Fungi","Order","M4","Leaf","Festuca","Current","Capnodiales",0,0
"Fungi","Order","M4","Leaf","Festuca","Current","Chaetothyriales",0,0
"Fungi","Order","M4","Leaf","Festuca","Current","Helotiales",0,0
"Fungi","Order","M4","Leaf","Festuca","Current","Hypocreales",0,0
"Fungi","Order","M4","Leaf","Festuca","Future","Pleosporales",0.608359791862893,0.356533142047092
"Fungi","Order","M4","Leaf","Festuca","Future","Helotiales",0.30443370840079,0.30443370840079
"Fungi","Order","M4","Leaf","Festuca","Future","Other",0.087206499736317,0.0402312313291987
"Fungi","Order","M4","Leaf","Festuca","Future","Capnodiales",0,0
"Fungi","Order","M4","Leaf","Festuca","Future","Chaetothyriales",0,0
"Fungi","Order","M4","Leaf","Festuca","Future","Hypocreales",0,0
"Fungi","Order","M4","Leaf","Lolium","Current","Other",1,0.497076905347835
"Fungi","Order","M4","Leaf","Lolium","Current","Capnodiales",0,0
"Fungi","Order","M4","Leaf","Lolium","Current","Chaetothyriales",0,0
"Fungi","Order","M4","Leaf","Lolium","Current","Helotiales",0,0
"Fungi","Order","M4","Leaf","Lolium","Current","Hypocreales",0,0
"Fungi","Order","M4","Leaf","Lolium","Current","Pleosporales",0,0
"Fungi","Order","M4","Leaf","Lolium","Future","Other",0.853416149068324,0.42195638853966
"Fungi","Order","M4","Leaf","Lolium","Future","Pleosporales",0.0879503105590057,0.0879503105590057
"Fungi","Order","M4","Leaf","Lolium","Future","Helotiales",0.0586335403726705,0.0586335403726705
"Fungi","Order","M4","Leaf","Lolium","Future","Capnodiales",0,0
"Fungi","Order","M4","Leaf","Lolium","Future","Chaetothyriales",0,0
"Fungi","Order","M4","Leaf","Lolium","Future","Hypocreales",0,0
"Fungi","Order","M4","Root","Festuca","Current","Pleosporales",0.454194920411036,0.0724509949179945
"Fungi","Order","M4","Root","Festuca","Current","Helotiales",0.160372084837693,0.0350495708663423
"Fungi","Order","M4","Root","Festuca","Current","Chaetothyriales",0.142556651601617,0.0545317408028196
"Fungi","Order","M4","Root","Festuca","Current","Capnodiales",0.138456591783746,0.0630123435836018
"Fungi","Order","M4","Root","Festuca","Current","Hypocreales",0.0949291078477855,0.0234843898691596
"Fungi","Order","M4","Root","Festuca","Current","Other",0.00949064351812196,0.00237035245619674
"Fungi","Order","M4","Root","Festuca","Future","Pleosporales",0.366794102908344,0.0889266185884621
"Fungi","Order","M4","Root","Festuca","Future","Helotiales",0.226485870714697,0.066628448625641
"Fungi","Order","M4","Root","Festuca","Future","Hypocreales",0.209372219873368,0.0674320111110453
"Fungi","Order","M4","Root","Festuca","Future","Chaetothyriales",0.12760855406739,0.0654845070219133
"Fungi","Order","M4","Root","Festuca","Future","Capnodiales",0.0640769430092662,0.0287287427519772
"Fungi","Order","M4","Root","Festuca","Future","Other",0.00566230942693466,0.0020855176071335
"Fungi","Order","M4","Root","Lolium","Current","Helotiales",0.369892872988343,0.115442794164395
"Fungi","Order","M4","Root","Lolium","Current","Pleosporales",0.216140656025092,0.0386938138689976
"Fungi","Order","M4","Root","Lolium","Current","Hypocreales",0.205797907893616,0.0342464480822341
"Fungi","Order","M4","Root","Lolium","Current","Capnodiales",0.120649656505278,0.0614259485535851
"Fungi","Order","M4","Root","Lolium","Current","Chaetothyriales",0.0817927232312053,0.0300569391722182
"Fungi","Order","M4","Root","Lolium","Current","Other",0.00572618335646492,0.00145414096060606
"Fungi","Order","M4","Root","Lolium","Future","Helotiales",0.434218336702569,0.0423044886648514
"Fungi","Order","M4","Root","Lolium","Future","Pleosporales",0.261586447559657,0.0752292401599489
"Fungi","Order","M4","Root","Lolium","Future","Hypocreales",0.197788355225593,0.0940576309553648
"Fungi","Order","M4","Root","Lolium","Future","Capnodiales",0.0675092836132177,0.0362865147296128
"Fungi","Order","M4","Root","Lolium","Future","Chaetothyriales",0.0344887949947293,0.00714084479596146
"Fungi","Order","M4","Root","Lolium","Future","Other",0.00440878190423403,0.0013832633179402
"Fungi","Order","M4","Soil","Festuca","Current","Capnodiales",0.315097167053204,0.169950996573464
"Fungi","Order","M4","Soil","Festuca","Current","Pleosporales",0.276585918768887,0.0576886670804363
"Fungi","Order","M4","Soil","Festuca","Current","Hypocreales",0.269106629695478,0.0650404804868195
"Fungi","Order","M4","Soil","Festuca","Current","Chaetothyriales",0.0832797628804821,0.0292965611354622
"Fungi","Order","M4","Soil","Festuca","Current","Helotiales",0.0460029562571095,0.0137463789786076
"Fungi","Order","M4","Soil","Festuca","Current","Other",0.00992756534483929,0.00148503417368031
"Fungi","Order","M4","Soil","Festuca","Future","Hypocreales",0.419107723737093,0.072511593561865
"Fungi","Order","M4","Soil","Festuca","Future","Pleosporales",0.225177772826541,0.0568533270248678
"Fungi","Order","M4","Soil","Festuca","Future","Chaetothyriales",0.163777604662599,0.0667095757652121
"Fungi","Order","M4","Soil","Festuca","Future","Capnodiales",0.120038073881604,0.0467948727556394
"Fungi","Order","M4","Soil","Festuca","Future","Helotiales",0.0605993375777596,0.0130383647143168
"Fungi","Order","M4","Soil","Festuca","Future","Other",0.0112994873144039,0.0029968670863799
"Fungi","Order","M4","Soil","Lolium","Current","Hypocreales",0.411588946439522,0.0287854102043304
"Fungi","Order","M4","Soil","Lolium","Current","Capnodiales",0.254217705522251,0.0394826225054619
"Fungi","Order","M4","Soil","Lolium","Current","Pleosporales",0.245244389538814,0.0285291732000568
"Fungi","Order","M4","Soil","Lolium","Current","Helotiales",0.045050487214905,0.00388216817112335
"Fungi","Order","M4","Soil","Lolium","Current","Chaetothyriales",0.0388337645099351,0.00774467940550658
"Fungi","Order","M4","Soil","Lolium","Current","Other",0.00506470677457291,0.000701625076274177
"Fungi","Order","M4","Soil","Lolium","Future","Hypocreales",0.536723433528302,0.0839304214279456
"Fungi","Order","M4","Soil","Lolium","Future","Pleosporales",0.215067419152295,0.0332784934366467
"Fungi","Order","M4","Soil","Lolium","Future","Capnodiales",0.129633147200571,0.0372757024817052
"Fungi","Order","M4","Soil","Lolium","Future","Chaetothyriales",0.0587098154253363,0.0104616499044077
"Fungi","Order","M4","Soil","Lolium","Future","Helotiales",0.0544266360078244,0.00459186058494508
"Fungi","Order","M4","Soil","Lolium","Future","Other",0.0054395486856716,0.000812877121605604
"Fungi","Order","M5","Leaf","Festuca","Current","Pleosporales",0.930410986292126,0.897300207608772
"Fungi","Order","M5","Leaf","Festuca","Current","Capnodiales",0.0471840753745611,0.0471840753745611
"Fungi","Order","M5","Leaf","Festuca","Current","Other",0.0224049383333125,0.0123131338834542
"Fungi","Order","M5","Leaf","Festuca","Current","Chaetothyriales",0,0
"Fungi","Order","M5","Leaf","Festuca","Current","Helotiales",0,0
"Fungi","Order","M5","Leaf","Festuca","Current","Hypocreales",0,0
"Fungi","Order","M5","Leaf","Festuca","Future","Pleosporales",0.874849382195345,0.533304466374367
"Fungi","Order","M5","Leaf","Festuca","Future","Other",0.125150617804655,0.046341892440793
"Fungi","Order","M5","Leaf","Festuca","Future","Capnodiales",0,0
"Fungi","Order","M5","Leaf","Festuca","Future","Chaetothyriales",0,0
"Fungi","Order","M5","Leaf","Festuca","Future","Helotiales",0,0
"Fungi","Order","M5","Leaf","Festuca","Future","Hypocreales",0,0
"Fungi","Order","M5","Leaf","Lolium","Current","Other",0.76540755467197,0.378719018852821
"Fungi","Order","M5","Leaf","Lolium","Current","Pleosporales",0.23459244532803,0.23459244532803
"Fungi","Order","M5","Leaf","Lolium","Current","Capnodiales",0,0
"Fungi","Order","M5","Leaf","Lolium","Current","Chaetothyriales",0,0
"Fungi","Order","M5","Leaf","Lolium","Current","Helotiales",0,0
"Fungi","Order","M5","Leaf","Lolium","Current","Hypocreales",0,0
"Fungi","Order","M5","Leaf","Lolium","Future","Other",0.882864669672819,0.432844589444325
"Fungi","Order","M5","Leaf","Lolium","Future","Pleosporales",0.117135330327181,0.0687503676207957
"Fungi","Order","M5","Leaf","Lolium","Future","Capnodiales",0,0
"Fungi","Order","M5","Leaf","Lolium","Future","Chaetothyriales",0,0
"Fungi","Order","M5","Leaf","Lolium","Future","Helotiales",0,0
"Fungi","Order","M5","Leaf","Lolium","Future","Hypocreales",0,0
"Fungi","Order","M5","Root","Festuca","Current","Pleosporales",0.39428144539995,0.0726418745080199
"Fungi","Order","M5","Root","Festuca","Current","Helotiales",0.194499821355224,0.0616500547301585
"Fungi","Order","M5","Root","Festuca","Current","Chaetothyriales",0.182314694844259,0.0336684333667726
"Fungi","Order","M5","Root","Festuca","Current","Hypocreales",0.1317161702576,0.0328991376406496
"Fungi","Order","M5","Root","Festuca","Current","Capnodiales",0.0896026213781045,0.0552227955254837
"Fungi","Order","M5","Root","Festuca","Current","Other",0.00758524676486287,0.00221668621020768
"Fungi","Order","M5","Root","Festuca","Future","Capnodiales",0.358924520013839,0.167125509944001
"Fungi","Order","M5","Root","Festuca","Future","Hypocreales",0.336803085946195,0.162856888692859
"Fungi","Order","M5","Root","Festuca","Future","Pleosporales",0.140566183807933,0.0581016926672251
"Fungi","Order","M5","Root","Festuca","Future","Chaetothyriales",0.0915084504449961,0.041614399178711
"Fungi","Order","M5","Root","Festuca","Future","Helotiales",0.068179167310318,0.0238051261286344
"Fungi","Order","M5","Root","Festuca","Future","Other",0.00401859247671954,0.00166236201834774
"Fungi","Order","M5","Root","Lolium","Current","Helotiales",0.516755245434182,0.095191860904554
"Fungi","Order","M5","Root","Lolium","Current","Pleosporales",0.191390141095726,0.063237218449188
"Fungi","Order","M5","Root","Lolium","Current","Hypocreales",0.125289745586553,0.0150594476181254
"Fungi","Order","M5","Root","Lolium","Current","Chaetothyriales",0.0824024483085345,0.0295274027701035
"Fungi","Order","M5","Root","Lolium","Current","Capnodiales",0.0813163548784396,0.0357710689757985
"Fungi","Order","M5","Root","Lolium","Current","Other",0.0028460646965649,0.00056430927111739
"Fungi","Order","M5","Root","Lolium","Future","Helotiales",0.366438591265498,0.0618781762502349
"Fungi","Order","M5","Root","Lolium","Future","Pleosporales",0.264336612073694,0.100597116310414
"Fungi","Order","M5","Root","Lolium","Future","Hypocreales",0.194010116433517,0.105495151941837
"Fungi","Order","M5","Root","Lolium","Future","Capnodiales",0.102764966512562,0.036995436157606
"Fungi","Order","M5","Root","Lolium","Future","Chaetothyriales",0.0677455027843305,0.0284245228104019
"Fungi","Order","M5","Root","Lolium","Future","Other",0.00470421093039713,0.00110991942839729
"Fungi","Order","M5","Soil","Festuca","Current","Hypocreales",0.449176491620481,0.0291304983177498
"Fungi","Order","M5","Soil","Festuca","Current","Pleosporales",0.255815166080392,0.031487974468256
"Fungi","Order","M5","Soil","Festuca","Current","Capnodiales",0.116103325431411,0.0132922221849795
"Fungi","Order","M5","Soil","Festuca","Current","Chaetothyriales",0.107345911539342,0.0259656384334246
"Fungi","Order","M5","Soil","Festuca","Current","Helotiales",0.0629113160522431,0.0177010458322106
"Fungi","Order","M5","Soil","Festuca","Current","Other",0.0086477892761308,0.00132680002597286
"Fungi","Order","M5","Soil","Festuca","Future","Hypocreales",0.53252466076317,0.0743329898016276
"Fungi","Order","M5","Soil","Festuca","Future","Pleosporales",0.176246652952234,0.01387374309182
"Fungi","Order","M5","Soil","Festuca","Future","Capnodiales",0.160209000074783,0.0216587709555938
"Fungi","Order","M5","Soil","Festuca","Future","Chaetothyriales",0.0796497937604464,0.023776602387767
"Fungi","Order","M5","Soil","Festuca","Future","Helotiales",0.0435131422474782,0.00736775817685126
"Fungi","Order","M5","Soil","Festuca","Future","Other",0.00785675020188828,0.00134061047606922
"Fungi","Order","M5","Soil","Lolium","Current","Hypocreales",0.4067183460811,0.0604911017824201
"Fungi","Order","M5","Soil","Lolium","Current","Capnodiales",0.24534740547348,0.0664824663342075
"Fungi","Order","M5","Soil","Lolium","Current","Pleosporales",0.218566350148346,0.069173141629391
"Fungi","Order","M5","Soil","Lolium","Current","Helotiales",0.0721591288775862,0.00915044635409305
"Fungi","Order","M5","Soil","Lolium","Current","Chaetothyriales",0.0517007060787636,0.0197602487491823
"Fungi","Order","M5","Soil","Lolium","Current","Other",0.00550806334072406,0.000936988588888512
"Fungi","Order","M5","Soil","Lolium","Future","Hypocreales",0.431092924472249,0.0612675123825129
"Fungi","Order","M5","Soil","Lolium","Future","Pleosporales",0.25980060784443,0.0449949286009299
"Fungi","Order","M5","Soil","Lolium","Future","Capnodiales",0.207932366722239,0.056328292745258
"Fungi","Order","M5","Soil","Lolium","Future","Chaetothyriales",0.0546473729696786,0.0174530078404056
"Fungi","Order","M5","Soil","Lolium","Future","Helotiales",0.040171967566095,0.00690905913914268
"Fungi","Order","M5","Soil","Lolium","Future","Other",0.00635476042530767,0.00101872875849643
"Fungi","Order","M6","Leaf","Festuca","Current","Pleosporales",0.821753132663168,0.341378817567703
"Fungi","Order","M6","Leaf","Festuca","Current","Capnodiales",0.110632419708552,0.110632419708552
"Fungi","Order","M6","Leaf","Festuca","Current","Other",0.0433737230023042,0.0173494773772207
"Fungi","Order","M6","Leaf","Festuca","Current","Helotiales",0.0242407246259759,0.0242407246259759
"Fungi","Order","M6","Leaf","Festuca","Current","Chaetothyriales",0,0
"Fungi","Order","M6","Leaf","Festuca","Current","Hypocreales",0,0
"Fungi","Order","M6","Leaf","Festuca","Future","Hypocreales",0.672356868824894,0.672356868824894
"Fungi","Order","M6","Leaf","Festuca","Future","Chaetothyriales",0.163692872713269,0.163692872713269
"Fungi","Order","M6","Leaf","Festuca","Future","Other",0.123666465567555,0.0529875494409352
"Fungi","Order","M6","Leaf","Festuca","Future","Pleosporales",0.0402837928942811,0.0402837928942811
"Fungi","Order","M6","Leaf","Festuca","Future","Capnodiales",0,0
"Fungi","Order","M6","Leaf","Festuca","Future","Helotiales",0,0
"Fungi","Order","M6","Leaf","Lolium","Current","Other",0.62471459991745,0.296936572383977
"Fungi","Order","M6","Leaf","Lolium","Current","Pleosporales",0.291471363668137,0.150818169252617
"Fungi","Order","M6","Leaf","Lolium","Current","Helotiales",0.0838140364144129,0.083814036414413
"Fungi","Order","M6","Leaf","Lolium","Current","Capnodiales",0,0
"Fungi","Order","M6","Leaf","Lolium","Current","Chaetothyriales",0,0
"Fungi","Order","M6","Leaf","Lolium","Current","Hypocreales",0,0
"Fungi","Order","M6","Leaf","Lolium","Future","Other",0.55714773114978,0.27562395030217
"Fungi","Order","M6","Leaf","Lolium","Future","Hypocreales",0.241555783009211,0.241555783009211
"Fungi","Order","M6","Leaf","Lolium","Future","Pleosporales",0.201296485841009,0.201296485841009
"Fungi","Order","M6","Leaf","Lolium","Future","Capnodiales",0,0
"Fungi","Order","M6","Leaf","Lolium","Future","Chaetothyriales",0,0
"Fungi","Order","M6","Leaf","Lolium","Future","Helotiales",0,0
"Fungi","Order","M6","Root","Festuca","Current","Chaetothyriales",0.309341262477392,0.0531764001005137
"Fungi","Order","M6","Root","Festuca","Current","Helotiales",0.286668275271814,0.0969717761926745
"Fungi","Order","M6","Root","Festuca","Current","Pleosporales",0.245086063576175,0.0864544778101975
"Fungi","Order","M6","Root","Festuca","Current","Hypocreales",0.0875602655241309,0.0158393141112918
"Fungi","Order","M6","Root","Festuca","Current","Capnodiales",0.0643759560655604,0.0210182094520084
"Fungi","Order","M6","Root","Festuca","Current","Other",0.00696817708492698,0.00137479527954746
"Fungi","Order","M6","Root","Festuca","Future","Pleosporales",0.260665792933909,0.0651990952883444
"Fungi","Order","M6","Root","Festuca","Future","Helotiales",0.200318211280434,0.0535647826182982
"Fungi","Order","M6","Root","Festuca","Future","Chaetothyriales",0.196102604156804,0.0341154250676497
"Fungi","Order","M6","Root","Festuca","Future","Capnodiales",0.177829924698143,0.088713836437212
"Fungi","Order","M6","Root","Festuca","Future","Hypocreales",0.160157096850722,0.0454890813658654
"Fungi","Order","M6","Root","Festuca","Future","Other",0.00492637007998749,0.0010392255723574
"Fungi","Order","M6","Root","Lolium","Current","Helotiales",0.45485596148931,0.0603400411456999
"Fungi","Order","M6","Root","Lolium","Current","Pleosporales",0.181729206946463,0.0306643461467065
"Fungi","Order","M6","Root","Lolium","Current","Hypocreales",0.172100082207753,0.0914526881246448
"Fungi","Order","M6","Root","Lolium","Current","Chaetothyriales",0.0982484217454856,0.0206343455340649
"Fungi","Order","M6","Root","Lolium","Current","Capnodiales",0.0857932533403258,0.0366525233140028
"Fungi","Order","M6","Root","Lolium","Current","Other",0.00727307427066356,0.00141710450079899
"Fungi","Order","M6","Root","Lolium","Future","Hypocreales",0.345759590752085,0.264196272413999
"Fungi","Order","M6","Root","Lolium","Future","Helotiales",0.264432039537106,0.119297061308139
"Fungi","Order","M6","Root","Lolium","Future","Pleosporales",0.23305796482432,0.0775016758758383
"Fungi","Order","M6","Root","Lolium","Future","Chaetothyriales",0.0860472864253725,0.0383014310498812
"Fungi","Order","M6","Root","Lolium","Future","Capnodiales",0.0653471328194303,0.00783834485598805
"Fungi","Order","M6","Root","Lolium","Future","Other",0.00535598564168726,0.00133198378901924
"Fungi","Order","M6","Soil","Festuca","Current","Hypocreales",0.27247613058607,0.0368303694898803
"Fungi","Order","M6","Soil","Festuca","Current","Pleosporales",0.255649934612541,0.041184347115754
"Fungi","Order","M6","Soil","Festuca","Current","Capnodiales",0.207753658048621,0.0362113990174494
"Fungi","Order","M6","Soil","Festuca","Current","Chaetothyriales",0.17515091304805,0.0319311255180484
"Fungi","Order","M6","Soil","Festuca","Current","Helotiales",0.0819548596286627,0.0166168751489807
"Fungi","Order","M6","Soil","Festuca","Current","Other",0.00701450407605441,0.000914208138971781
"Fungi","Order","M6","Soil","Festuca","Future","Hypocreales",0.469950377987835,0.106058563046937
"Fungi","Order","M6","Soil","Festuca","Future","Pleosporales",0.188216868892928,0.0276187775194832
"Fungi","Order","M6","Soil","Festuca","Future","Capnodiales",0.148102215750974,0.0750253464547117
"Fungi","Order","M6","Soil","Festuca","Future","Chaetothyriales",0.145576477597221,0.04503029509707
"Fungi","Order","M6","Soil","Festuca","Future","Helotiales",0.0405562685398785,0.0193295754309069
"Fungi","Order","M6","Soil","Festuca","Future","Other",0.00759779123116323,0.00104800976680245
"Fungi","Order","M6","Soil","Lolium","Current","Hypocreales",0.370158048482635,0.0595163875317772
"Fungi","Order","M6","Soil","Lolium","Current","Pleosporales",0.282479760295631,0.0411236952994915
"Fungi","Order","M6","Soil","Lolium","Current","Capnodiales",0.248583444852205,0.00948190754976863
"Fungi","Order","M6","Soil","Lolium","Current","Chaetothyriales",0.0511421047342076,0.0199680333341846
"Fungi","Order","M6","Soil","Lolium","Current","Helotiales",0.0416727242016219,0.00374091305268423
"Fungi","Order","M6","Soil","Lolium","Current","Other",0.00596391743369894,0.000971632804897389
"Fungi","Order","M6","Soil","Lolium","Future","Hypocreales",0.400604374765224,0.0454103693078302
"Fungi","Order","M6","Soil","Lolium","Future","Pleosporales",0.235427087787137,0.0363275128745841
"Fungi","Order","M6","Soil","Lolium","Future","Capnodiales",0.223113521531559,0.0564170849773879
"Fungi","Order","M6","Soil","Lolium","Future","Helotiales",0.0813398577004921,0.0131708540088794
"Fungi","Order","M6","Soil","Lolium","Future","Chaetothyriales",0.0522519507163813,0.0186948756346228
"Fungi","Order","M6","Soil","Lolium","Future","Other",0.00726320749920711,0.00123233530134774
"Fungi","Phylum","M1","Leaf","Festuca","Current","Ascomycota",0.840996168582375,0.159003831417625
"Fungi","Phylum","M1","Leaf","Festuca","Current","Basidiomycota",0.159003831417625,0.159003831417625
"Fungi","Phylum","M1","Leaf","Festuca","Current","Chytridiomycota",0,0
"Fungi","Phylum","M1","Leaf","Festuca","Current","Mortierellomycota",0,0
"Fungi","Phylum","M1","Leaf","Festuca","Current","Other",0,0
"Fungi","Phylum","M1","Leaf","Festuca","Current","Rozellomycota",0,0
"Fungi","Phylum","M1","Leaf","Festuca","Future","Ascomycota",0.874696417729205,0.0747099638828793
"Fungi","Phylum","M1","Leaf","Festuca","Future","Basidiomycota",0.125303582270795,0.0747099638828793
"Fungi","Phylum","M1","Leaf","Festuca","Future","Chytridiomycota",0,0
"Fungi","Phylum","M1","Leaf","Festuca","Future","Mortierellomycota",0,0
"Fungi","Phylum","M1","Leaf","Festuca","Future","Other",0,0
"Fungi","Phylum","M1","Leaf","Festuca","Future","Rozellomycota",0,0
"Fungi","Phylum","M1","Leaf","Lolium","Current","Ascomycota",0.994186682546907,0.00716577742600955
"Fungi","Phylum","M1","Leaf","Lolium","Current","Basidiomycota",0.00423960782707966,0.00266039008912379
"Fungi","Phylum","M1","Leaf","Lolium","Current","Other",0.00157370962601328,0.00123798981806567
"Fungi","Phylum","M1","Leaf","Lolium","Current","Chytridiomycota",0,0
"Fungi","Phylum","M1","Leaf","Lolium","Current","Mortierellomycota",0,0
"Fungi","Phylum","M1","Leaf","Lolium","Current","Rozellomycota",0,0
"Fungi","Phylum","M1","Leaf","Lolium","Future","Ascomycota",1,0
"Fungi","Phylum","M1","Leaf","Lolium","Future","Basidiomycota",0,0
"Fungi","Phylum","M1","Leaf","Lolium","Future","Chytridiomycota",0,0
"Fungi","Phylum","M1","Leaf","Lolium","Future","Mortierellomycota",0,0
"Fungi","Phylum","M1","Leaf","Lolium","Future","Other",0,0
"Fungi","Phylum","M1","Leaf","Lolium","Future","Rozellomycota",0,0
"Fungi","Phylum","M1","Root","Festuca","Current","Ascomycota",0.93396880358342,0.0224466604711966
"Fungi","Phylum","M1","Root","Festuca","Current","Basidiomycota",0.0586204288853289,0.0213583062961271
"Fungi","Phylum","M1","Root","Festuca","Current","Other",0.00689842799550009,0.00325185775484815
"Fungi","Phylum","M1","Root","Festuca","Current","Rozellomycota",0.000261635694643804,0.000261635694643804
"Fungi","Phylum","M1","Root","Festuca","Current","Mortierellomycota",0.000250703841107155,0.000190566309007648
"Fungi","Phylum","M1","Root","Festuca","Current","Chytridiomycota",0,0
"Fungi","Phylum","M1","Root","Festuca","Future","Ascomycota",0.987697050459175,0.00408907549583788
"Fungi","Phylum","M1","Root","Festuca","Future","Basidiomycota",0.0079173529448684,0.000621137781746079
"Fungi","Phylum","M1","Root","Festuca","Future","Other",0.00377957896027272,0.00184087002593837
"Fungi","Phylum","M1","Root","Festuca","Future","Mortierellomycota",0.000606017635684166,0.000260929913091712
"Fungi","Phylum","M1","Root","Festuca","Future","Chytridiomycota",0,0
"Fungi","Phylum","M1","Root","Festuca","Future","Rozellomycota",0,0
"Fungi","Phylum","M1","Root","Lolium","Current","Ascomycota",0.91195038640224,0.0278649622559788
"Fungi","Phylum","M1","Root","Lolium","Current","Basidiomycota",0.0844099769757757,0.0301205245268746
"Fungi","Phylum","M1","Root","Lolium","Current","Other",0.00295544869811524,0.00149245007171256
"Fungi","Phylum","M1","Root","Lolium","Current","Mortierellomycota",0.000387241550704033,0.0002235962631509
"Fungi","Phylum","M1","Root","Lolium","Current","Rozellomycota",0.00020110177683314,0.000130389449432263
"Fungi","Phylum","M1","Root","Lolium","Current","Chytridiomycota",9.5844596331506e-05,9.5844596331506e-05
"Fungi","Phylum","M1","Root","Lolium","Future","Ascomycota",0.960882425352212,0.0110957285760885
"Fungi","Phylum","M1","Root","Lolium","Future","Basidiomycota",0.0288009107655077,0.0104377840810256
"Fungi","Phylum","M1","Root","Lolium","Future","Mortierellomycota",0.00651007763193072,0.00334399556791466
"Fungi","Phylum","M1","Root","Lolium","Future","Other",0.00257993639133908,0.00119318165463303
"Fungi","Phylum","M1","Root","Lolium","Future","Chytridiomycota",0.000816300983701963,0.000574379891921576
"Fungi","Phylum","M1","Root","Lolium","Future","Rozellomycota",0.000410348875308466,0.000260408680156325
"Fungi","Phylum","M1","Soil","Festuca","Current","Ascomycota",0.905233666033928,0.0247951571764526
"Fungi","Phylum","M1","Soil","Festuca","Current","Basidiomycota",0.0573092710572622,0.0325364157810922
"Fungi","Phylum","M1","Soil","Festuca","Current","Mortierellomycota",0.0136138540055617,0.00318593416924069
"Fungi","Phylum","M1","Soil","Festuca","Current","Chytridiomycota",0.0115043253448522,0.00686093683114187
"Fungi","Phylum","M1","Soil","Festuca","Current","Rozellomycota",0.00766673136493284,0.00456418005576715
"Fungi","Phylum","M1","Soil","Festuca","Current","Other",0.00467215219346269,0.00184584108508271
"Fungi","Phylum","M1","Soil","Festuca","Future","Ascomycota",0.913166160045771,0.0163025019365038
"Fungi","Phylum","M1","Soil","Festuca","Future","Basidiomycota",0.0581387055606901,0.0124628730002894
"Fungi","Phylum","M1","Soil","Festuca","Future","Mortierellomycota",0.0162764131259531,0.00713775155690496
"Fungi","Phylum","M1","Soil","Festuca","Future","Chytridiomycota",0.00676788117496523,0.0031936565566315
"Fungi","Phylum","M1","Soil","Festuca","Future","Other",0.00430099940270919,0.00231941015055745
"Fungi","Phylum","M1","Soil","Festuca","Future","Rozellomycota",0.00134984068991169,0.00109828667773304
"Fungi","Phylum","M1","Soil","Lolium","Current","Ascomycota",0.853950173467452,0.0388913501853546
"Fungi","Phylum","M1","Soil","Lolium","Current","Basidiomycota",0.0884577271619653,0.0310561596285155
"Fungi","Phylum","M1","Soil","Lolium","Current","Mortierellomycota",0.0305352499251419,0.00983808001781346
"Fungi","Phylum","M1","Soil","Lolium","Current","Chytridiomycota",0.0150918658010355,0.00561991761418435
"Fungi","Phylum","M1","Soil","Lolium","Current","Rozellomycota",0.00750996311123304,0.00316358189248856
"Fungi","Phylum","M1","Soil","Lolium","Current","Other",0.00445502053317274,0.00175481744626756
"Fungi","Phylum","M1","Soil","Lolium","Future","Ascomycota",0.906320886022147,0.0217240718299757
"Fungi","Phylum","M1","Soil","Lolium","Future","Basidiomycota",0.0584479865102295,0.00945252081146828
"Fungi","Phylum","M1","Soil","Lolium","Future","Mortierellomycota",0.0182721539437317,0.00705104972709634
"Fungi","Phylum","M1","Soil","Lolium","Future","Chytridiomycota",0.0101027312127706,0.0038484823902662
"Fungi","Phylum","M1","Soil","Lolium","Future","Other",0.00509434193200249,0.00276409018524753
"Fungi","Phylum","M1","Soil","Lolium","Future","Rozellomycota",0.00176190037911837,0.000824167904387881
"Fungi","Phylum","M2","Leaf","Festuca","Current","Ascomycota",0.950604838709677,0.0493951612903226
"Fungi","Phylum","M2","Leaf","Festuca","Current","Basidiomycota",0.0493951612903226,0.0493951612903226
"Fungi","Phylum","M2","Leaf","Festuca","Current","Chytridiomycota",0,0
"Fungi","Phylum","M2","Leaf","Festuca","Current","Mortierellomycota",0,0
"Fungi","Phylum","M2","Leaf","Festuca","Current","Other",0,0
"Fungi","Phylum","M2","Leaf","Festuca","Current","Rozellomycota",0,0
"Fungi","Phylum","M2","Leaf","Festuca","Future","Ascomycota",0.97887323943662,0.0211267605633803
"Fungi","Phylum","M2","Leaf","Festuca","Future","Basidiomycota",0.0211267605633803,0.0211267605633803
"Fungi","Phylum","M2","Leaf","Festuca","Future","Chytridiomycota",0,0
"Fungi","Phylum","M2","Leaf","Festuca","Future","Mortierellomycota",0,0
"Fungi","Phylum","M2","Leaf","Festuca","Future","Other",0,0
"Fungi","Phylum","M2","Leaf","Festuca","Future","Rozellomycota",0,0
"Fungi","Phylum","M2","Leaf","Lolium","Current","Ascomycota",0.994264268736929,0.00429166180902462
"Fungi","Phylum","M2","Leaf","Lolium","Current","Basidiomycota",0.00573573126307101,0.00429166180902461
"Fungi","Phylum","M2","Leaf","Lolium","Current","Chytridiomycota",0,0
"Fungi","Phylum","M2","Leaf","Lolium","Current","Mortierellomycota",0,0
"Fungi","Phylum","M2","Leaf","Lolium","Current","Other",0,0
"Fungi","Phylum","M2","Leaf","Lolium","Current","Rozellomycota",0,0
"Fungi","Phylum","M2","Leaf","Lolium","Future","Ascomycota",1,0
"Fungi","Phylum","M2","Leaf","Lolium","Future","Basidiomycota",0,0
"Fungi","Phylum","M2","Leaf","Lolium","Future","Chytridiomycota",0,0
"Fungi","Phylum","M2","Leaf","Lolium","Future","Mortierellomycota",0,0
"Fungi","Phylum","M2","Leaf","Lolium","Future","Other",0,0
"Fungi","Phylum","M2","Leaf","Lolium","Future","Rozellomycota",0,0
"Fungi","Phylum","M2","Root","Festuca","Current","Ascomycota",0.931565095402073,0.0348797603465806
"Fungi","Phylum","M2","Root","Festuca","Current","Basidiomycota",0.0550891999544235,0.0343537913210855
"Fungi","Phylum","M2","Root","Festuca","Current","Rozellomycota",0.00644770675503868,0.00558237486474698
"Fungi","Phylum","M2","Root","Festuca","Current","Other",0.00554692643514418,0.00306095511461894
"Fungi","Phylum","M2","Root","Festuca","Current","Mortierellomycota",0.00129978178993315,0.000406234028792548
"Fungi","Phylum","M2","Root","Festuca","Current","Chytridiomycota",5.12896633878122e-05,5.12896633878122e-05
"Fungi","Phylum","M2","Root","Festuca","Future","Ascomycota",0.939060957605435,0.0175941782791491
"Fungi","Phylum","M2","Root","Festuca","Future","Basidiomycota",0.0462109562793859,0.0175694600464813
"Fungi","Phylum","M2","Root","Festuca","Future","Rozellomycota",0.00925044113982308,0.00906663737942768
"Fungi","Phylum","M2","Root","Festuca","Future","Other",0.00426856658386098,0.00232016568326012
"Fungi","Phylum","M2","Root","Festuca","Future","Mortierellomycota",0.00120907839149505,0.000545602680304831
"Fungi","Phylum","M2","Root","Festuca","Future","Chytridiomycota",0,0
"Fungi","Phylum","M2","Root","Lolium","Current","Ascomycota",0.897989206607402,0.00464584504152826
"Fungi","Phylum","M2","Root","Lolium","Current","Basidiomycota",0.0969624761100351,0.00353892814560589
"Fungi","Phylum","M2","Root","Lolium","Current","Other",0.0027955779766007,0.00133135394584649
"Fungi","Phylum","M2","Root","Lolium","Current","Mortierellomycota",0.00137808817648088,0.000683691961027386
"Fungi","Phylum","M2","Root","Lolium","Current","Rozellomycota",0.000874651129481561,0.000627337274304327
"Fungi","Phylum","M2","Root","Lolium","Current","Chytridiomycota",0,0
"Fungi","Phylum","M2","Root","Lolium","Future","Ascomycota",0.859296487480797,0.064368192303509
"Fungi","Phylum","M2","Root","Lolium","Future","Basidiomycota",0.122988579744889,0.0613969137776496
"Fungi","Phylum","M2","Root","Lolium","Future","Mortierellomycota",0.0105571126130335,0.00442222478611467
"Fungi","Phylum","M2","Root","Lolium","Future","Other",0.00438373332627378,0.00234588065273134
"Fungi","Phylum","M2","Root","Lolium","Future","Rozellomycota",0.00200761404839949,0.00188865387977039
"Fungi","Phylum","M2","Root","Lolium","Future","Chytridiomycota",0.00076647278660719,0.000693246161788593
"Fungi","Phylum","M2","Soil","Festuca","Current","Ascomycota",0.92035730989484,0.0205449657114139
"Fungi","Phylum","M2","Soil","Festuca","Current","Basidiomycota",0.0413116137518189,0.00619067605653065
"Fungi","Phylum","M2","Soil","Festuca","Current","Mortierellomycota",0.0178959567051809,0.00529321174373019
"Fungi","Phylum","M2","Soil","Festuca","Current","Chytridiomycota",0.010438214944364,0.00314099714592985
"Fungi","Phylum","M2","Soil","Festuca","Current","Other",0.00620728062956647,0.00304996808152044
"Fungi","Phylum","M2","Soil","Festuca","Current","Rozellomycota",0.0037896240742302,0.000255509535007225
"Fungi","Phylum","M2","Soil","Festuca","Future","Ascomycota",0.915875526798308,0.0236385092852015
"Fungi","Phylum","M2","Soil","Festuca","Future","Basidiomycota",0.0427857912815377,0.00455396724748871
"Fungi","Phylum","M2","Soil","Festuca","Future","Mortierellomycota",0.0181057747079097,0.00775337461457272
"Fungi","Phylum","M2","Soil","Festuca","Future","Chytridiomycota",0.00996813727033659,0.00743609637033394
"Fungi","Phylum","M2","Soil","Festuca","Future","Rozellomycota",0.00737972745573419,0.0070072505243685
"Fungi","Phylum","M2","Soil","Festuca","Future","Other",0.00588504248617406,0.00262005027047565
"Fungi","Phylum","M2","Soil","Lolium","Current","Ascomycota",0.875999146579369,0.0202001672945179
"Fungi","Phylum","M2","Soil","Lolium","Current","Basidiomycota",0.0774136428913462,0.0124166491658292
"Fungi","Phylum","M2","Soil","Lolium","Current","Mortierellomycota",0.0249017908516168,0.00235130339380961
"Fungi","Phylum","M2","Soil","Lolium","Current","Chytridiomycota",0.00980378137661704,0.00582980356804888
"Fungi","Phylum","M2","Soil","Lolium","Current","Rozellomycota",0.00611284412572673,0.00237671409579315
"Fungi","Phylum","M2","Soil","Lolium","Current","Other",0.00576879417532439,0.00281474407996684
"Fungi","Phylum","M2","Soil","Lolium","Future","Ascomycota",0.849315976504638,0.0357451829850708
"Fungi","Phylum","M2","Soil","Lolium","Future","Basidiomycota",0.0631168332259661,0.0198999586604048
"Fungi","Phylum","M2","Soil","Lolium","Future","Mortierellomycota",0.048953081370825,0.014802891078988
"Fungi","Phylum","M2","Soil","Lolium","Future","Chytridiomycota",0.0309317808940351,0.019040731264942
"Fungi","Phylum","M2","Soil","Lolium","Future","Rozellomycota",0.00475486903262028,0.00160225114946871
"Fungi","Phylum","M2","Soil","Lolium","Future","Other",0.00292745897191579,0.00128203324991151
"Fungi","Phylum","M3","Leaf","Festuca","Current","Ascomycota",0.717656598095758,0.162712394049259
"Fungi","Phylum","M3","Leaf","Festuca","Current","Basidiomycota",0.282343401904242,0.162712394049259
"Fungi","Phylum","M3","Leaf","Festuca","Current","Chytridiomycota",0,0
"Fungi","Phylum","M3","Leaf","Festuca","Current","Mortierellomycota",0,0
"Fungi","Phylum","M3","Leaf","Festuca","Current","Other",0,0
"Fungi","Phylum","M3","Leaf","Festuca","Current","Rozellomycota",0,0
"Fungi","Phylum","M3","Leaf","Festuca","Future","Ascomycota",0.995058139534884,0.00494186046511627
"Fungi","Phylum","M3","Leaf","Festuca","Future","Basidiomycota",0.00494186046511628,0.00494186046511628
"Fungi","Phylum","M3","Leaf","Festuca","Future","Chytridiomycota",0,0
"Fungi","Phylum","M3","Leaf","Festuca","Future","Mortierellomycota",0,0
"Fungi","Phylum","M3","Leaf","Festuca","Future","Other",0,0
"Fungi","Phylum","M3","Leaf","Festuca","Future","Rozellomycota",0,0
"Fungi","Phylum","M3","Leaf","Lolium","Current","Ascomycota",0.997370590720767,0.00193844562574175
"Fungi","Phylum","M3","Leaf","Lolium","Current","Basidiomycota",0.00256570040331253,0.0019196535075453
"Fungi","Phylum","M3","Leaf","Lolium","Current","Other",6.37088759205932e-05,6.37088759205933e-05
"Fungi","Phylum","M3","Leaf","Lolium","Current","Chytridiomycota",0,0
"Fungi","Phylum","M3","Leaf","Lolium","Current","Mortierellomycota",0,0
"Fungi","Phylum","M3","Leaf","Lolium","Current","Rozellomycota",0,0
"Fungi","Phylum","M3","Leaf","Lolium","Future","Ascomycota",0.989319507352485,0.0103389655595654
"Fungi","Phylum","M3","Leaf","Lolium","Future","Basidiomycota",0.0105703604889247,0.0105703604889247
"Fungi","Phylum","M3","Leaf","Lolium","Future","Other",0.000110132158590308,0.000110132158590308
"Fungi","Phylum","M3","Leaf","Lolium","Future","Chytridiomycota",0,0
"Fungi","Phylum","M3","Leaf","Lolium","Future","Mortierellomycota",0,0
"Fungi","Phylum","M3","Leaf","Lolium","Future","Rozellomycota",0,0
"Fungi","Phylum","M3","Root","Festuca","Current","Ascomycota",0.852296429442159,0.065122757533609
"Fungi","Phylum","M3","Root","Festuca","Current","Basidiomycota",0.135438228858405,0.0609401987707534
"Fungi","Phylum","M3","Root","Festuca","Current","Rozellomycota",0.00873854515264126,0.00699059091984082
"Fungi","Phylum","M3","Root","Festuca","Current","Other",0.00293009726742163,0.00166409628428312
"Fungi","Phylum","M3","Root","Festuca","Current","Mortierellomycota",0.000508741756371598,0.000425355890965588
"Fungi","Phylum","M3","Root","Festuca","Current","Chytridiomycota",8.79575230015152e-05,8.79575230015152e-05
"Fungi","Phylum","M3","Root","Festuca","Future","Ascomycota",0.858066246579096,0.0779501912743066
"Fungi","Phylum","M3","Root","Festuca","Future","Basidiomycota",0.131309046934818,0.0822832568390068
"Fungi","Phylum","M3","Root","Festuca","Future","Other",0.00795279784921094,0.0039790978404999
"Fungi","Phylum","M3","Root","Festuca","Future","Mortierellomycota",0.00221661866061854,0.00123367795525944
"Fungi","Phylum","M3","Root","Festuca","Future","Chytridiomycota",0.000245827495798983,0.000245827495798983
"Fungi","Phylum","M3","Root","Festuca","Future","Rozellomycota",0.000209462480457213,0.000140016608380366
"Fungi","Phylum","M3","Root","Lolium","Current","Ascomycota",0.923620441597082,0.0156141929459624
"Fungi","Phylum","M3","Root","Lolium","Current","Basidiomycota",0.0717685203643133,0.020219704226141
"Fungi","Phylum","M3","Root","Lolium","Current","Mortierellomycota",0.00188857292364744,0.00109431923944124
"Fungi","Phylum","M3","Root","Lolium","Current","Other",0.00154795042448309,0.000907971740375143
"Fungi","Phylum","M3","Root","Lolium","Current","Rozellomycota",0.000790363763817964,0.0004690693487139
"Fungi","Phylum","M3","Root","Lolium","Current","Chytridiomycota",0.000384150926655935,0.000384150926655935
"Fungi","Phylum","M3","Root","Lolium","Future","Ascomycota",0.886220954800167,0.0398146518017409
"Fungi","Phylum","M3","Root","Lolium","Future","Basidiomycota",0.105439911276008,0.0471378313963012
"Fungi","Phylum","M3","Root","Lolium","Future","Other",0.00553988543258879,0.0037931363511473
"Fungi","Phylum","M3","Root","Lolium","Future","Rozellomycota",0.00115677342457491,0.000998874676800335
"Fungi","Phylum","M3","Root","Lolium","Future","Chytridiomycota",0.00100025994585305,0.00083576719386335
"Fungi","Phylum","M3","Root","Lolium","Future","Mortierellomycota",0.000642215120807583,0.000311164188449317
"Fungi","Phylum","M3","Soil","Festuca","Current","Ascomycota",0.865776958414838,0.0135048742463269
"Fungi","Phylum","M3","Soil","Festuca","Current","Basidiomycota",0.0728361366446946,0.0220367961362387
"Fungi","Phylum","M3","Soil","Festuca","Current","Mortierellomycota",0.0207313137596779,0.00496308205221564
"Fungi","Phylum","M3","Soil","Festuca","Current","Chytridiomycota",0.0185277056024809,0.003572891129846
"Fungi","Phylum","M3","Soil","Festuca","Current","Rozellomycota",0.0148584894615738,0.00674190889526738
"Fungi","Phylum","M3","Soil","Festuca","Current","Other",0.00726939611673487,0.00247125109508831
"Fungi","Phylum","M3","Soil","Festuca","Future","Ascomycota",0.855520652956714,0.0891879188161319
"Fungi","Phylum","M3","Soil","Festuca","Future","Basidiomycota",0.117170316894894,0.0929341921230956
"Fungi","Phylum","M3","Soil","Festuca","Future","Mortierellomycota",0.0117013355781303,0.0042319651648537
"Fungi","Phylum","M3","Soil","Festuca","Future","Rozellomycota",0.00643725875570256,0.00292577740394809
"Fungi","Phylum","M3","Soil","Festuca","Future","Other",0.00605417249939341,0.00290141662883035
"Fungi","Phylum","M3","Soil","Festuca","Future","Chytridiomycota",0.00311626331516588,0.00231986292142756
"Fungi","Phylum","M3","Soil","Lolium","Current","Ascomycota",0.881021934672139,0.027960549500617
"Fungi","Phylum","M3","Soil","Lolium","Current","Basidiomycota",0.0699294116494976,0.0244423737761352
"Fungi","Phylum","M3","Soil","Lolium","Current","Mortierellomycota",0.0282352738052056,0.00515564851700905
"Fungi","Phylum","M3","Soil","Lolium","Current","Chytridiomycota",0.0122409951445383,0.00354593757993397
"Fungi","Phylum","M3","Soil","Lolium","Current","Rozellomycota",0.00542408256446178,0.00160730541753295
"Fungi","Phylum","M3","Soil","Lolium","Current","Other",0.00314830216415723,0.00116103972964657
"Fungi","Phylum","M3","Soil","Lolium","Future","Ascomycota",0.868578900965157,0.039359159156171
"Fungi","Phylum","M3","Soil","Lolium","Future","Basidiomycota",0.0782364157389736,0.044624223927845
"Fungi","Phylum","M3","Soil","Lolium","Future","Mortierellomycota",0.0293371654423716,0.0104733389146356
"Fungi","Phylum","M3","Soil","Lolium","Future","Chytridiomycota",0.0150840745928799,0.00553197291070563
"Fungi","Phylum","M3","Soil","Lolium","Future","Rozellomycota",0.00531765905969907,0.00148444629787682
"Fungi","Phylum","M3","Soil","Lolium","Future","Other",0.00344578420091912,0.00164032467249126
"Fungi","Phylum","M4","Leaf","Festuca","Current","Ascomycota",0.873913043478261,0.0735712472260699
"Fungi","Phylum","M4","Leaf","Festuca","Current","Basidiomycota",0.126086956521739,0.0735712472260699
"Fungi","Phylum","M4","Leaf","Festuca","Current","Chytridiomycota",0,0
"Fungi","Phylum","M4","Leaf","Festuca","Current","Mortierellomycota",0,0
"Fungi","Phylum","M4","Leaf","Festuca","Current","Other",0,0
"Fungi","Phylum","M4","Leaf","Festuca","Current","Rozellomycota",0,0
"Fungi","Phylum","M4","Leaf","Festuca","Future","Ascomycota",1,0
"Fungi","Phylum","M4","Leaf","Festuca","Future","Basidiomycota",0,0
"Fungi","Phylum","M4","Leaf","Festuca","Future","Chytridiomycota",0,0
"Fungi","Phylum","M4","Leaf","Festuca","Future","Mortierellomycota",0,0
"Fungi","Phylum","M4","Leaf","Festuca","Future","Other",0,0
"Fungi","Phylum","M4","Leaf","Festuca","Future","Rozellomycota",0,0
"Fungi","Phylum","M4","Leaf","Lolium","Current","Ascomycota",0.998407643312102,0.00159235668789809
"Fungi","Phylum","M4","Leaf","Lolium","Current","Basidiomycota",0.00159235668789809,0.00159235668789809
"Fungi","Phylum","M4","Leaf","Lolium","Current","Chytridiomycota",0,0
"Fungi","Phylum","M4","Leaf","Lolium","Current","Mortierellomycota",0,0
"Fungi","Phylum","M4","Leaf","Lolium","Current","Other",0,0
"Fungi","Phylum","M4","Leaf","Lolium","Current","Rozellomycota",0,0
"Fungi","Phylum","M4","Leaf","Lolium","Future","Ascomycota",1,0
"Fungi","Phylum","M4","Leaf","Lolium","Future","Basidiomycota",0,0
"Fungi","Phylum","M4","Leaf","Lolium","Future","Chytridiomycota",0,0
"Fungi","Phylum","M4","Leaf","Lolium","Future","Mortierellomycota",0,0
"Fungi","Phylum","M4","Leaf","Lolium","Future","Other",0,0
"Fungi","Phylum","M4","Leaf","Lolium","Future","Rozellomycota",0,0
"Fungi","Phylum","M4","Root","Festuca","Current","Ascomycota",0.90888896269474,0.0368367609570448
"Fungi","Phylum","M4","Root","Festuca","Current","Basidiomycota",0.0757981614727197,0.0396997400915222
"Fungi","Phylum","M4","Root","Festuca","Current","Mortierellomycota",0.00573064702491798,0.00514711739304507
"Fungi","Phylum","M4","Root","Festuca","Current","Other",0.00568156651659345,0.00303743817884716
"Fungi","Phylum","M4","Root","Festuca","Current","Rozellomycota",0.00333319397857201,0.00311668615169663
"Fungi","Phylum","M4","Root","Festuca","Current","Chytridiomycota",0.000567468312456642,0.000567468312456642
"Fungi","Phylum","M4","Root","Festuca","Future","Ascomycota",0.749871996920981,0.104467863930206
"Fungi","Phylum","M4","Root","Festuca","Future","Basidiomycota",0.245749403285117,0.101107293325677
"Fungi","Phylum","M4","Root","Festuca","Future","Other",0.00404166110607345,0.00208366472205327
"Fungi","Phylum","M4","Root","Festuca","Future","Rozellomycota",0.000268491082466843,0.000219460847214439
"Fungi","Phylum","M4","Root","Festuca","Future","Mortierellomycota",6.84476053619648e-05,6.84476053619648e-05
"Fungi","Phylum","M4","Root","Festuca","Future","Chytridiomycota",0,0
"Fungi","Phylum","M4","Root","Lolium","Current","Ascomycota",0.883424559544585,0.0256856876170848
"Fungi","Phylum","M4","Root","Lolium","Current","Basidiomycota",0.105663428961912,0.0177912005010486
"Fungi","Phylum","M4","Root","Lolium","Current","Rozellomycota",0.00442697758839671,0.00270593648341339
"Fungi","Phylum","M4","Root","Lolium","Current","Other",0.00369192755066258,0.00213844157087863
"Fungi","Phylum","M4","Root","Lolium","Current","Mortierellomycota",0.0026927886359043,0.00180980857047763
"Fungi","Phylum","M4","Root","Lolium","Current","Chytridiomycota",0.000100317718539732,0.000100317718539732
"Fungi","Phylum","M4","Root","Lolium","Future","Ascomycota",0.959948376461349,0.0184728543928653
"Fungi","Phylum","M4","Root","Lolium","Future","Basidiomycota",0.0348519836244955,0.0160672822006176
"Fungi","Phylum","M4","Root","Lolium","Future","Other",0.00329609860994676,0.00173356213756058
"Fungi","Phylum","M4","Root","Lolium","Future","Rozellomycota",0.0012542314123791,0.000500755936167588
"Fungi","Phylum","M4","Root","Lolium","Future","Mortierellomycota",0.000588562620595404,0.00051260438962446
"Fungi","Phylum","M4","Root","Lolium","Future","Chytridiomycota",6.07472712340164e-05,6.07472712340164e-05
"Fungi","Phylum","M4","Soil","Festuca","Current","Ascomycota",0.836445391878985,0.0224381434505031
"Fungi","Phylum","M4","Soil","Festuca","Current","Basidiomycota",0.0812289355644478,0.0237782736888554
"Fungi","Phylum","M4","Soil","Festuca","Current","Mortierellomycota",0.0378402143921015,0.0114879859409691
"Fungi","Phylum","M4","Soil","Festuca","Current","Rozellomycota",0.0232096789271501,0.0054530310577096
"Fungi","Phylum","M4","Soil","Festuca","Current","Chytridiomycota",0.0121730433144952,0.00619945709532914
"Fungi","Phylum","M4","Soil","Festuca","Current","Other",0.00910273592282001,0.00522847803257681
"Fungi","Phylum","M4","Soil","Festuca","Future","Ascomycota",0.7034418909218,0.0786008486567063
"Fungi","Phylum","M4","Soil","Festuca","Future","Basidiomycota",0.26633314713272,0.0800832524061302
"Fungi","Phylum","M4","Soil","Festuca","Future","Mortierellomycota",0.0156548209816664,0.000800008840825186
"Fungi","Phylum","M4","Soil","Festuca","Future","Chytridiomycota",0.00824512511643351,0.00320275656959669
"Fungi","Phylum","M4","Soil","Festuca","Future","Other",0.00414321581502183,0.00182904403328591
"Fungi","Phylum","M4","Soil","Festuca","Future","Rozellomycota",0.00218180003235826,0.00133827441504995
"Fungi","Phylum","M4","Soil","Lolium","Current","Ascomycota",0.896278401896062,0.0392067862145338
"Fungi","Phylum","M4","Soil","Lolium","Current","Basidiomycota",0.0461654707221131,0.00758066831197826
"Fungi","Phylum","M4","Soil","Lolium","Current","Mortierellomycota",0.0336623061459273,0.0117637245976388
"Fungi","Phylum","M4","Soil","Lolium","Current","Rozellomycota",0.00871978352721167,0.00289455656404209
"Fungi","Phylum","M4","Soil","Lolium","Current","Other",0.00776599089039187,0.00324048139385936
"Fungi","Phylum","M4","Soil","Lolium","Current","Chytridiomycota",0.00740804681829455,0.00141529703551884
"Fungi","Phylum","M4","Soil","Lolium","Future","Ascomycota",0.897606527206782,0.0135967692091611
"Fungi","Phylum","M4","Soil","Lolium","Future","Basidiomycota",0.048915428008286,0.0143858911797405
"Fungi","Phylum","M4","Soil","Lolium","Future","Chytridiomycota",0.0202047314713469,0.00637778784237071
"Fungi","Phylum","M4","Soil","Lolium","Future","Mortierellomycota",0.0182761007178585,0.000929951178677641
"Fungi","Phylum","M4","Soil","Lolium","Future","Rozellomycota",0.0113324737181066,0.00518204117252404
"Fungi","Phylum","M4","Soil","Lolium","Future","Other",0.00366473887761972,0.00163547557781903
"Fungi","Phylum","M5","Leaf","Festuca","Current","Ascomycota",0.773235613463626,0.205144852634825
"Fungi","Phylum","M5","Leaf","Festuca","Current","Basidiomycota",0.226764386536374,0.205144852634825
"Fungi","Phylum","M5","Leaf","Festuca","Current","Chytridiomycota",0,0
"Fungi","Phylum","M5","Leaf","Festuca","Current","Mortierellomycota",0,0
"Fungi","Phylum","M5","Leaf","Festuca","Current","Other",0,0
"Fungi","Phylum","M5","Leaf","Festuca","Current","Rozellomycota",0,0
"Fungi","Phylum","M5","Leaf","Festuca","Future","Ascomycota",0.889990371148459,0.0635162025198089
"Fungi","Phylum","M5","Leaf","Festuca","Future","Basidiomycota",0.110009628851541,0.0635162025198089
"Fungi","Phylum","M5","Leaf","Festuca","Future","Chytridiomycota",0,0
"Fungi","Phylum","M5","Leaf","Festuca","Future","Mortierellomycota",0,0
"Fungi","Phylum","M5","Leaf","Festuca","Future","Other",0,0
"Fungi","Phylum","M5","Leaf","Festuca","Future","Rozellomycota",0,0
"Fungi","Phylum","M5","Leaf","Lolium","Current","Ascomycota",0.997751798561151,0.00224820143884893
"Fungi","Phylum","M5","Leaf","Lolium","Current","Basidiomycota",0.00224820143884892,0.00224820143884892
"Fungi","Phylum","M5","Leaf","Lolium","Current","Chytridiomycota",0,0
"Fungi","Phylum","M5","Leaf","Lolium","Current","Mortierellomycota",0,0
"Fungi","Phylum","M5","Leaf","Lolium","Current","Other",0,0
"Fungi","Phylum","M5","Leaf","Lolium","Current","Rozellomycota",0,0
"Fungi","Phylum","M5","Leaf","Lolium","Future","Ascomycota",0.999800442654476,0.00139690141867132
"Fungi","Phylum","M5","Leaf","Lolium","Future","Other",0.000199557345524473,0.000199557345524473
"Fungi","Phylum","M5","Leaf","Lolium","Future","Basidiomycota",0,0
"Fungi","Phylum","M5","Leaf","Lolium","Future","Chytridiomycota",0,0
"Fungi","Phylum","M5","Leaf","Lolium","Future","Mortierellomycota",0,0
"Fungi","Phylum","M5","Leaf","Lolium","Future","Rozellomycota",0,0
"Fungi","Phylum","M5","Root","Festuca","Current","Ascomycota",0.769593067979029,0.0836767080031563
"Fungi","Phylum","M5","Root","Festuca","Current","Basidiomycota",0.2166630357163,0.098392588878006
"Fungi","Phylum","M5","Root","Festuca","Current","Other",0.00747667670562052,0.00486394721781802
"Fungi","Phylum","M5","Root","Festuca","Current","Rozellomycota",0.00524868245802054,0.002234307439329
"Fungi","Phylum","M5","Root","Festuca","Current","Mortierellomycota",0.00101853714102998,0.000828002026929283
"Fungi","Phylum","M5","Root","Festuca","Current","Chytridiomycota",0,0
"Fungi","Phylum","M5","Root","Festuca","Future","Ascomycota",0.815275446559532,0.129776049514562
"Fungi","Phylum","M5","Root","Festuca","Future","Basidiomycota",0.179967845693757,0.119563614593871
"Fungi","Phylum","M5","Root","Festuca","Future","Other",0.0041405215386887,0.0026317933150916
"Fungi","Phylum","M5","Root","Festuca","Future","Mortierellomycota",0.000414286458370841,0.000245045565474206
"Fungi","Phylum","M5","Root","Festuca","Future","Rozellomycota",0.00020189974965172,0.00020189974965172
"Fungi","Phylum","M5","Root","Festuca","Future","Chytridiomycota",0,0
"Fungi","Phylum","M5","Root","Lolium","Current","Ascomycota",0.946281032171355,0.0187931465711792
"Fungi","Phylum","M5","Root","Lolium","Current","Basidiomycota",0.045772432881457,0.0140755876448327
"Fungi","Phylum","M5","Root","Lolium","Current","Other",0.00392876566180867,0.00240512571618741
"Fungi","Phylum","M5","Root","Lolium","Current","Mortierellomycota",0.00270169832404368,0.00234498147320509
"Fungi","Phylum","M5","Root","Lolium","Current","Rozellomycota",0.00131607096133619,0.000691296566325786
"Fungi","Phylum","M5","Root","Lolium","Current","Chytridiomycota",0,0
"Fungi","Phylum","M5","Root","Lolium","Future","Ascomycota",0.914517243886173,0.0236064795380305
"Fungi","Phylum","M5","Root","Lolium","Future","Basidiomycota",0.0817032128650313,0.0321416734591701
"Fungi","Phylum","M5","Root","Lolium","Future","Other",0.00343307547058272,0.00190166748002978
"Fungi","Phylum","M5","Root","Lolium","Future","Mortierellomycota",0.000321376031028541,0.000321376031028541
"Fungi","Phylum","M5","Root","Lolium","Future","Rozellomycota",2.50917471847382e-05,2.50917471847382e-05
"Fungi","Phylum","M5","Root","Lolium","Future","Chytridiomycota",0,0
"Fungi","Phylum","M5","Soil","Festuca","Current","Ascomycota",0.833550174945926,0.0199297546232532
"Fungi","Phylum","M5","Soil","Festuca","Current","Basidiomycota",0.106876640927213,0.0205920108686705
"Fungi","Phylum","M5","Soil","Festuca","Current","Mortierellomycota",0.0270872171925097,0.0175476909964967
"Fungi","Phylum","M5","Soil","Festuca","Current","Rozellomycota",0.0203567122453128,0.0084396315239789
"Fungi","Phylum","M5","Soil","Festuca","Current","Chytridiomycota",0.00903927020472597,0.00379275816691396
"Fungi","Phylum","M5","Soil","Festuca","Current","Other",0.00308998448431337,0.00143805719965691
"Fungi","Phylum","M5","Soil","Festuca","Future","Ascomycota",0.844235789708507,0.0351868036931723
"Fungi","Phylum","M5","Soil","Festuca","Future","Basidiomycota",0.0971888270828749,0.0294875954057656
"Fungi","Phylum","M5","Soil","Festuca","Future","Mortierellomycota",0.046243705938278,0.00247882696867759
"Fungi","Phylum","M5","Soil","Festuca","Future","Other",0.00550235190176993,0.00244180445839131
"Fungi","Phylum","M5","Soil","Festuca","Future","Chytridiomycota",0.00455010686359865,0.00158832491260015
"Fungi","Phylum","M5","Soil","Festuca","Future","Rozellomycota",0.00227921850497174,0.00040996235005214
"Fungi","Phylum","M5","Soil","Lolium","Current","Ascomycota",0.878240831129666,0.0271851944423421
"Fungi","Phylum","M5","Soil","Lolium","Current","Basidiomycota",0.0524286086873442,0.0131145251494975
"Fungi","Phylum","M5","Soil","Lolium","Current","Mortierellomycota",0.0358311384607077,0.00568857776599566
"Fungi","Phylum","M5","Soil","Lolium","Current","Chytridiomycota",0.0152080746497694,0.0107318303210704
"Fungi","Phylum","M5","Soil","Lolium","Current","Other",0.0113291986459911,0.00567909951389427
"Fungi","Phylum","M5","Soil","Lolium","Current","Rozellomycota",0.00696214842652117,0.0013165158150679
"Fungi","Phylum","M5","Soil","Lolium","Future","Ascomycota",0.85166872444855,0.0345603106974718
"Fungi","Phylum","M5","Soil","Lolium","Future","Basidiomycota",0.0989166956515639,0.0434381755733476
"Fungi","Phylum","M5","Soil","Lolium","Future","Mortierellomycota",0.0229326738215543,0.00763049046305016
"Fungi","Phylum","M5","Soil","Lolium","Future","Chytridiomycota",0.0157593794897448,0.00472140680907568
"Fungi","Phylum","M5","Soil","Lolium","Future","Rozellomycota",0.00692039228064951,0.000754860526082334
"Fungi","Phylum","M5","Soil","Lolium","Future","Other",0.00380213430793707,0.00153485764271499
"Fungi","Phylum","M6","Leaf","Festuca","Current","Ascomycota",0.70519940637084,0.149447648203026
"Fungi","Phylum","M6","Leaf","Festuca","Current","Basidiomycota",0.29480059362916,0.149447648203026
"Fungi","Phylum","M6","Leaf","Festuca","Current","Chytridiomycota",0,0
"Fungi","Phylum","M6","Leaf","Festuca","Current","Mortierellomycota",0,0
"Fungi","Phylum","M6","Leaf","Festuca","Current","Other",0,0
"Fungi","Phylum","M6","Leaf","Festuca","Current","Rozellomycota",0,0
"Fungi","Phylum","M6","Leaf","Festuca","Future","Ascomycota",0.93867718343674,0.0522984177196834
"Fungi","Phylum","M6","Leaf","Festuca","Future","Basidiomycota",0.0613228165632605,0.0522984177196833
"Fungi","Phylum","M6","Leaf","Festuca","Future","Chytridiomycota",0,0
"Fungi","Phylum","M6","Leaf","Festuca","Future","Mortierellomycota",0,0
"Fungi","Phylum","M6","Leaf","Festuca","Future","Other",0,0
"Fungi","Phylum","M6","Leaf","Festuca","Future","Rozellomycota",0,0
"Fungi","Phylum","M6","Leaf","Lolium","Current","Ascomycota",0.975124938136606,0.0243592665721203
"Fungi","Phylum","M6","Leaf","Lolium","Current","Basidiomycota",0.0247133019151574,0.0247133019151574
"Fungi","Phylum","M6","Leaf","Lolium","Current","Other",0.000161759948236817,0.000161759948236817
"Fungi","Phylum","M6","Leaf","Lolium","Current","Chytridiomycota",0,0
"Fungi","Phylum","M6","Leaf","Lolium","Current","Mortierellomycota",0,0
"Fungi","Phylum","M6","Leaf","Lolium","Current","Rozellomycota",0,0
"Fungi","Phylum","M6","Leaf","Lolium","Future","Ascomycota",1,0
"Fungi","Phylum","M6","Leaf","Lolium","Future","Basidiomycota",0,0
"Fungi","Phylum","M6","Leaf","Lolium","Future","Chytridiomycota",0,0
"Fungi","Phylum","M6","Leaf","Lolium","Future","Mortierellomycota",0,0
"Fungi","Phylum","M6","Leaf","Lolium","Future","Other",0,0
"Fungi","Phylum","M6","Leaf","Lolium","Future","Rozellomycota",0,0
"Fungi","Phylum","M6","Root","Festuca","Current","Ascomycota",0.860891271815038,0.0388005934305467
"Fungi","Phylum","M6","Root","Festuca","Current","Basidiomycota",0.116055297681274,0.0271149424674727
"Fungi","Phylum","M6","Root","Festuca","Current","Rozellomycota",0.0129136583122018,0.011754049606558
"Fungi","Phylum","M6","Root","Festuca","Current","Other",0.00676719949644692,0.00367891694793742
"Fungi","Phylum","M6","Root","Festuca","Current","Mortierellomycota",0.00337257269503996,0.00218110373892681
"Fungi","Phylum","M6","Root","Festuca","Current","Chytridiomycota",0,0
"Fungi","Phylum","M6","Root","Festuca","Future","Ascomycota",0.888592908555403,0.0470213064519969
"Fungi","Phylum","M6","Root","Festuca","Future","Basidiomycota",0.0797852968688427,0.0303627012976708
"Fungi","Phylum","M6","Root","Festuca","Future","Rozellomycota",0.0229560575782414,0.0133346551098163
"Fungi","Phylum","M6","Root","Festuca","Future","Other",0.00510077590862138,0.00247658257283543
"Fungi","Phylum","M6","Root","Festuca","Future","Mortierellomycota",0.00337083702495315,0.00196710781528898
"Fungi","Phylum","M6","Root","Festuca","Future","Chytridiomycota",0.00019412406393892,0.00019412406393892
"Fungi","Phylum","M6","Root","Lolium","Current","Ascomycota",0.845451259063965,0.0431251279165356
"Fungi","Phylum","M6","Root","Lolium","Current","Basidiomycota",0.138643966150357,0.0565215140149796
"Fungi","Phylum","M6","Root","Lolium","Current","Other",0.00722657599267428,0.00504116587819482
"Fungi","Phylum","M6","Root","Lolium","Current","Mortierellomycota",0.00490317492786104,0.00242581099672952
"Fungi","Phylum","M6","Root","Lolium","Current","Rozellomycota",0.00329165140465856,0.00225165706713547
"Fungi","Phylum","M6","Root","Lolium","Current","Chytridiomycota",0.000483372460484617,0.000483372460484617
"Fungi","Phylum","M6","Root","Lolium","Future","Ascomycota",0.832409332132487,0.0447577537364243
"Fungi","Phylum","M6","Root","Lolium","Future","Basidiomycota",0.159594083877887,0.0456993663806133
"Fungi","Phylum","M6","Root","Lolium","Future","Other",0.00400121259213833,0.00173640993325321
"Fungi","Phylum","M6","Root","Lolium","Future","Mortierellomycota",0.00344636958395602,0.00224149593205041
"Fungi","Phylum","M6","Root","Lolium","Future","Rozellomycota",0.000432716635749148,0.000432716635749148
"Fungi","Phylum","M6","Root","Lolium","Future","Chytridiomycota",0.000116285177782515,0.000116285177782515
"Fungi","Phylum","M6","Soil","Festuca","Current","Ascomycota",0.866296747808713,0.0299822699857072
"Fungi","Phylum","M6","Soil","Festuca","Current","Basidiomycota",0.0728825431145271,0.0120916071416601
"Fungi","Phylum","M6","Soil","Festuca","Current","Mortierellomycota",0.0195562682571786,0.00325053306501838
"Fungi","Phylum","M6","Soil","Festuca","Current","Rozellomycota",0.0149740885798055,0.00553482848540894
"Fungi","Phylum","M6","Soil","Festuca","Current","Chytridiomycota",0.0136549312468115,0.00361683996031249
"Fungi","Phylum","M6","Soil","Festuca","Current","Other",0.0126354209929641,0.00462059848395013
"Fungi","Phylum","M6","Soil","Festuca","Future","Ascomycota",0.828904700940648,0.0425505930263489
"Fungi","Phylum","M6","Soil","Festuca","Future","Basidiomycota",0.0635147228820843,0.0246946251271722
"Fungi","Phylum","M6","Soil","Festuca","Future","Mortierellomycota",0.0470749466268691,0.0144521700698043
"Fungi","Phylum","M6","Soil","Festuca","Future","Rozellomycota",0.0301932182041964,0.0151647866835159
"Fungi","Phylum","M6","Soil","Festuca","Future","Chytridiomycota",0.0244470169825461,0.00597921075672699
"Fungi","Phylum","M6","Soil","Festuca","Future","Other",0.00586539436365643,0.00216141386323824
"Fungi","Phylum","M6","Soil","Lolium","Current","Ascomycota",0.876155841625961,0.0186725241217041
"Fungi","Phylum","M6","Soil","Lolium","Current","Basidiomycota",0.0573400614819797,0.0232414849195385
"Fungi","Phylum","M6","Soil","Lolium","Current","Mortierellomycota",0.0448737948878656,0.01044142442846
"Fungi","Phylum","M6","Soil","Lolium","Current","Chytridiomycota",0.0134107306344332,0.00790312761462883
"Fungi","Phylum","M6","Soil","Lolium","Current","Other",0.00536754332325485,0.00250538878499623
"Fungi","Phylum","M6","Soil","Lolium","Current","Rozellomycota",0.00285202804650607,0.00138983743629001
"Fungi","Phylum","M6","Soil","Lolium","Future","Ascomycota",0.824522734836536,0.0347503793620003
"Fungi","Phylum","M6","Soil","Lolium","Future","Basidiomycota",0.118560385901404,0.0338142885131089
"Fungi","Phylum","M6","Soil","Lolium","Future","Mortierellomycota",0.0359797981847518,0.0126870276623867
"Fungi","Phylum","M6","Soil","Lolium","Future","Chytridiomycota",0.0116759319383325,0.00485226939819472
"Fungi","Phylum","M6","Soil","Lolium","Future","Other",0.00500435641331473,0.0020509075639823
"Fungi","Phylum","M6","Soil","Lolium","Future","Rozellomycota",0.0042567927256618,0.00134706117957956
